dmd_type,dmd_id,dmd_name,bnf_code
VMP,39732111000001101,Co-amoxiclav 250mg/125mg tablets,0501013K0AAAAAA
AMP,38111000001106,Co-amoxiclav 250mg/125mg tablets,0501013K0AAAAAA
AMP,19833711000001107,Co-amoxiclav 250mg/125mg tablets,0501013K0AAAAAA
AMP,382811000001107,Co-amoxiclav 250mg/125mg tablets,0501013K0AAAAAA
AMP,101911000001100,Co-amoxiclav 250mg/125mg tablets,0501013K0AAAAAA
AMP,9786711000001109,Co-amoxiclav 250mg/125mg tablets,0501013K0AAAAAA
AMP,10397411000001104,Co-amoxiclav 250mg/125mg tablets,0501013K0AAAAAA
AMP,34962611000001109,Co-amoxiclav 250mg/125mg tablets,0501013K0AAAAAA
AMP,32397711000001104,Co-amoxiclav 250mg/125mg tablets,0501013K0AAAAAA
AMP,35907111000001109,Co-amoxiclav 250mg/125mg tablets,0501013K0AAAAAA
AMP,23827411000001108,Co-amoxiclav 250mg/125mg tablets,0501013K0AAAAAA
AMP,760411000001105,Co-amoxiclav 250mg/125mg tablets,0501013K0AAAAAA
AMP,12511000001105,Co-amoxiclav 250mg/125mg tablets,0501013K0AAAAAA
AMP,30016311000001106,Co-amoxiclav 250mg/125mg tablets,0501013K0AAAAAA
AMP,38848311000001101,Co-amoxiclav 250mg/125mg tablets,0501013K0AAAAAA
AMP,17885811000001104,Co-amoxiclav 250mg/125mg tablets,0501013K0AAAAAA
AMP,91211000001101,Co-amoxiclav 250mg/125mg tablets,0501013K0AAAAAA
AMP,35563511000001103,Co-amoxiclav 250mg/125mg tablets,0501013K0AAAAAA
AMP,882211000001108,Co-amoxiclav 250mg/125mg tablets,0501013K0AAAAAA
AMP,29794911000001102,Co-amoxiclav 250mg/125mg tablets,0501013K0AAAAAA
AMP,771411000001107,Co-amoxiclav 250mg/125mg tablets,0501013K0AAAAAA
AMP,36868011000001101,Co-amoxiclav 250mg/125mg tablets,0501013K0AAAAAA
AMP,441311000001108,Co-amoxiclav 250mg/125mg tablets,0501013K0AAAAAA
AMP,22009111000001105,Co-amoxiclav 250mg/125mg tablets,0501013K0AAAAAA
AMP,380711000001103,Co-amoxiclav 250mg/125mg tablets,0501013K0AAAAAA
VMP,39021311000001109,Co-amoxiclav 250mg/125mg dispersible tablets sugar free,0501013K0AAABAB
VMP,36565811000001104,Co-amoxiclav 125mg/31mg/5ml oral suspension sugar free,0501013K0AAADAD
AMP,829311000001103,Co-amoxiclav 125mg/31mg/5ml oral suspension sugar free,0501013K0AAADAD
AMP,15515811000001104,Co-amoxiclav 125mg/31mg/5ml oral suspension sugar free,0501013K0AAADAD
AMP,370711000001105,Co-amoxiclav 125mg/31mg/5ml oral suspension sugar free,0501013K0AAADAD
AMP,9787711000001107,Co-amoxiclav 125mg/31mg/5ml oral suspension sugar free,0501013K0AAADAD
AMP,22602311000001108,Co-amoxiclav 125mg/31mg/5ml oral suspension sugar free,0501013K0AAADAD
AMP,575411000001109,Co-amoxiclav 125mg/31mg/5ml oral suspension sugar free,0501013K0AAADAD
AMP,276811000001106,Co-amoxiclav 125mg/31mg/5ml oral suspension sugar free,0501013K0AAADAD
AMP,38850811000001105,Co-amoxiclav 125mg/31mg/5ml oral suspension sugar free,0501013K0AAADAD
AMP,17885411000001101,Co-amoxiclav 125mg/31mg/5ml oral suspension sugar free,0501013K0AAADAD
AMP,193411000001109,Co-amoxiclav 125mg/31mg/5ml oral suspension sugar free,0501013K0AAADAD
AMP,6032711000001109,Co-amoxiclav 125mg/31mg/5ml oral suspension sugar free,0501013K0AAADAD
AMP,894611000001101,Co-amoxiclav 125mg/31mg/5ml oral suspension sugar free,0501013K0AAADAD
AMP,4817111000001106,Co-amoxiclav 125mg/31mg/5ml oral suspension sugar free,0501013K0AAADAD
AMP,22007211000001105,Co-amoxiclav 125mg/31mg/5ml oral suspension sugar free,0501013K0AAADAD
VMP,323567000,Co-amoxiclav 500mg/100mg powder for solution for injection vials,0501013K0AAAEAE
AMP,18757611000001105,Co-amoxiclav 500mg/100mg powder for solution for injection vials,0501013K0AAAEAE
AMP,34752211000001107,Co-amoxiclav 500mg/100mg powder for solution for injection vials,0501013K0AAAEAE
AMP,10219611000001104,Co-amoxiclav 500mg/100mg powder for solution for injection vials,0501013K0AAAEAE
AMP,36626111000001101,Co-amoxiclav 500mg/100mg powder for solution for injection vials,0501013K0AAAEAE
AMP,10530611000001105,Co-amoxiclav 500mg/100mg powder for solution for injection vials,0501013K0AAAEAE
AMP,5488611000001104,Co-amoxiclav 500mg/100mg powder for solution for injection vials,0501013K0AAAEAE
VMP,323568005,Co-amoxiclav 1000mg/200mg powder for solution for injection vials,0501013K0AAAFAF
AMP,19570811000001107,Co-amoxiclav 1000mg/200mg powder for solution for injection vials,0501013K0AAAFAF
AMP,34752411000001106,Co-amoxiclav 1000mg/200mg powder for solution for injection vials,0501013K0AAAFAF
AMP,37830211000001102,Co-amoxiclav 1000mg/200mg powder for solution for injection vials,0501013K0AAAFAF
AMP,10219211000001101,Co-amoxiclav 1000mg/200mg powder for solution for injection vials,0501013K0AAAFAF
AMP,30347811000001105,Co-amoxiclav 1000mg/200mg powder for solution for injection vials,0501013K0AAAFAF
AMP,36626911000001103,Co-amoxiclav 1000mg/200mg powder for solution for injection vials,0501013K0AAAFAF
AMP,10531011000001107,Co-amoxiclav 1000mg/200mg powder for solution for injection vials,0501013K0AAAFAF
AMP,5489611000001108,Co-amoxiclav 1000mg/200mg powder for solution for injection vials,0501013K0AAAFAF
VMP,37083611000001104,Co-amoxiclav 250mg/62mg/5ml oral suspension sugar free,0501013K0AAAGAG
AMP,732211000001103,Co-amoxiclav 250mg/62mg/5ml oral suspension sugar free,0501013K0AAAGAG
AMP,15516011000001101,Co-amoxiclav 250mg/62mg/5ml oral suspension sugar free,0501013K0AAAGAG
AMP,394111000001107,Co-amoxiclav 250mg/62mg/5ml oral suspension sugar free,0501013K0AAAGAG
AMP,9787911000001109,Co-amoxiclav 250mg/62mg/5ml oral suspension sugar free,0501013K0AAAGAG
AMP,22602511000001102,Co-amoxiclav 250mg/62mg/5ml oral suspension sugar free,0501013K0AAAGAG
AMP,353811000001107,Co-amoxiclav 250mg/62mg/5ml oral suspension sugar free,0501013K0AAAGAG
AMP,526211000001103,Co-amoxiclav 250mg/62mg/5ml oral suspension sugar free,0501013K0AAAGAG
AMP,30016111000001109,Co-amoxiclav 250mg/62mg/5ml oral suspension sugar free,0501013K0AAAGAG
AMP,38848111000001103,Co-amoxiclav 250mg/62mg/5ml oral suspension sugar free,0501013K0AAAGAG
AMP,36492911000001108,Co-amoxiclav 250mg/62mg/5ml oral suspension sugar free,0501013K0AAAGAG
AMP,17885611000001103,Co-amoxiclav 250mg/62mg/5ml oral suspension sugar free,0501013K0AAAGAG
AMP,22211000001104,Co-amoxiclav 250mg/62mg/5ml oral suspension sugar free,0501013K0AAAGAG
AMP,6034811000001107,Co-amoxiclav 250mg/62mg/5ml oral suspension sugar free,0501013K0AAAGAG
AMP,931011000001106,Co-amoxiclav 250mg/62mg/5ml oral suspension sugar free,0501013K0AAAGAG
AMP,4817311000001108,Co-amoxiclav 250mg/62mg/5ml oral suspension sugar free,0501013K0AAAGAG
AMP,22007711000001103,Co-amoxiclav 250mg/62mg/5ml oral suspension sugar free,0501013K0AAAGAG
AMP,3964011000001108,Co-amoxiclav 250mg/62mg/5ml oral suspension sugar free,0501013K0AAAGAG
VMP,7322211000001104,Co-amoxiclav 125mg/31mg/5ml oral suspension,0501013K0AAAHAH
AMP,13613111000001106,Co-amoxiclav 125mg/31mg/5ml oral suspension,0501013K0AAAHAH
AMP,24026411000001105,Co-amoxiclav 125mg/31mg/5ml oral suspension,0501013K0AAAHAH
AMP,23939811000001105,Co-amoxiclav 125mg/31mg/5ml oral suspension,0501013K0AAAHAH
AMP,31989511000001109,Co-amoxiclav 125mg/31mg/5ml oral suspension,0501013K0AAAHAH
AMP,24520711000001100,Co-amoxiclav 125mg/31mg/5ml oral suspension,0501013K0AAAHAH
AMP,38848811000001105,Co-amoxiclav 125mg/31mg/5ml oral suspension,0501013K0AAAHAH
AMP,28123611000001108,Co-amoxiclav 125mg/31mg/5ml oral suspension,0501013K0AAAHAH
AMP,29794511000001109,Co-amoxiclav 125mg/31mg/5ml oral suspension,0501013K0AAAHAH
AMP,7320111000001106,Co-amoxiclav 125mg/31mg/5ml oral suspension,0501013K0AAAHAH
AMP,22008011000001104,Co-amoxiclav 125mg/31mg/5ml oral suspension,0501013K0AAAHAH
VMP,7322311000001107,Co-amoxiclav 250mg/62mg/5ml oral suspension,0501013K0AAAIAI
AMP,11528611000001104,Co-amoxiclav 250mg/62mg/5ml oral suspension,0501013K0AAAIAI
AMP,24026611000001108,Co-amoxiclav 250mg/62mg/5ml oral suspension,0501013K0AAAIAI
AMP,23940311000001109,Co-amoxiclav 250mg/62mg/5ml oral suspension,0501013K0AAAIAI
AMP,31989811000001107,Co-amoxiclav 250mg/62mg/5ml oral suspension,0501013K0AAAIAI
AMP,24520911000001103,Co-amoxiclav 250mg/62mg/5ml oral suspension,0501013K0AAAIAI
AMP,38849111000001105,Co-amoxiclav 250mg/62mg/5ml oral suspension,0501013K0AAAIAI
AMP,28123911000001102,Co-amoxiclav 250mg/62mg/5ml oral suspension,0501013K0AAAIAI
AMP,29794711000001104,Co-amoxiclav 250mg/62mg/5ml oral suspension,0501013K0AAAIAI
AMP,7320411000001101,Co-amoxiclav 250mg/62mg/5ml oral suspension,0501013K0AAAIAI
AMP,22008411000001108,Co-amoxiclav 250mg/62mg/5ml oral suspension,0501013K0AAAIAI
VMP,39732211000001107,Co-amoxiclav 500mg/125mg tablets,0501013K0AAAJAJ
AMP,290311000001105,Co-amoxiclav 500mg/125mg tablets,0501013K0AAAJAJ
AMP,19833911000001109,Co-amoxiclav 500mg/125mg tablets,0501013K0AAAJAJ
AMP,17668811000001104,Co-amoxiclav 500mg/125mg tablets,0501013K0AAAJAJ
AMP,680711000001105,Co-amoxiclav 500mg/125mg tablets,0501013K0AAAJAJ
AMP,34679211000001108,Co-amoxiclav 500mg/125mg tablets,0501013K0AAAJAJ
AMP,10397711000001105,Co-amoxiclav 500mg/125mg tablets,0501013K0AAAJAJ
AMP,34962811000001108,Co-amoxiclav 500mg/125mg tablets,0501013K0AAAJAJ
AMP,32399711000001107,Co-amoxiclav 500mg/125mg tablets,0501013K0AAAJAJ
AMP,35907311000001106,Co-amoxiclav 500mg/125mg tablets,0501013K0AAAJAJ
AMP,27959011000001105,Co-amoxiclav 500mg/125mg tablets,0501013K0AAAJAJ
AMP,23828211000001108,Co-amoxiclav 500mg/125mg tablets,0501013K0AAAJAJ
AMP,351311000001104,Co-amoxiclav 500mg/125mg tablets,0501013K0AAAJAJ
AMP,785111000001106,Co-amoxiclav 500mg/125mg tablets,0501013K0AAAJAJ
AMP,38848511000001107,Co-amoxiclav 500mg/125mg tablets,0501013K0AAAJAJ
AMP,19728511000001107,Co-amoxiclav 500mg/125mg tablets,0501013K0AAAJAJ
AMP,19199611000001103,Co-amoxiclav 500mg/125mg tablets,0501013K0AAAJAJ
AMP,36695911000001103,Co-amoxiclav 500mg/125mg tablets,0501013K0AAAJAJ
AMP,17886011000001101,Co-amoxiclav 500mg/125mg tablets,0501013K0AAAJAJ
AMP,628011000001104,Co-amoxiclav 500mg/125mg tablets,0501013K0AAAJAJ
AMP,35563911000001105,Co-amoxiclav 500mg/125mg tablets,0501013K0AAAJAJ
AMP,6036511000001103,Co-amoxiclav 500mg/125mg tablets,0501013K0AAAJAJ
AMP,29795111000001101,Co-amoxiclav 500mg/125mg tablets,0501013K0AAAJAJ
AMP,934111000001105,Co-amoxiclav 500mg/125mg tablets,0501013K0AAAJAJ
AMP,36870911000001108,Co-amoxiclav 500mg/125mg tablets,0501013K0AAAJAJ
AMP,5629811000001102,Co-amoxiclav 500mg/125mg tablets,0501013K0AAAJAJ
AMP,22009611000001102,Co-amoxiclav 500mg/125mg tablets,0501013K0AAAJAJ
AMP,3964511000001100,Co-amoxiclav 500mg/125mg tablets,0501013K0AAAJAJ
VMP,37083711000001108,Co-amoxiclav 400mg/57mg/5ml oral suspension sugar free,0501013K0AAAKAK
AMP,11252711000001103,Co-amoxiclav 400mg/57mg/5ml oral suspension sugar free,0501013K0AAAKAK
AMP,19876911000001100,Co-amoxiclav 400mg/57mg/5ml oral suspension sugar free,0501013K0AAAKAK
AMP,32403711000001100,Co-amoxiclav 400mg/57mg/5ml oral suspension sugar free,0501013K0AAAKAK
AMP,30043911000001108,Co-amoxiclav 400mg/57mg/5ml oral suspension sugar free,0501013K0AAAKAK
AMP,32399111000001106,Co-amoxiclav 400mg/57mg/5ml oral suspension sugar free,0501013K0AAAKAK
AMP,38850411000001108,Co-amoxiclav 400mg/57mg/5ml oral suspension sugar free,0501013K0AAAKAK
AMP,19728111000001103,Co-amoxiclav 400mg/57mg/5ml oral suspension sugar free,0501013K0AAAKAK
AMP,23651411000001107,Co-amoxiclav 400mg/57mg/5ml oral suspension sugar free,0501013K0AAAKAK
AMP,22036711000001105,Co-amoxiclav 400mg/57mg/5ml oral suspension sugar free,0501013K0AAAKAK
AMP,15077811000001102,Co-amoxiclav 400mg/57mg/5ml oral suspension sugar free,0501013K0AAAKAK
VMP,39732511000001105,Co-amoxiclav 875mg/125mg tablets,0501013K0AAANAN
AMP,28873411000001104,Co-amoxiclav 875mg/125mg tablets,0501013K0AAANAN
AMP,28039411000001101,Co-amoxiclav 875mg/125mg tablets,0501013K0AAANAN
AMP,32400011000001107,Co-amoxiclav 875mg/125mg tablets,0501013K0AAANAN
AMP,27959911000001109,Co-amoxiclav 875mg/125mg tablets,0501013K0AAANAN
AMP,30016511000001100,Co-amoxiclav 875mg/125mg tablets,0501013K0AAANAN
AMP,29795311000001104,Co-amoxiclav 875mg/125mg tablets,0501013K0AAANAN
AMP,94411000001100,Augmentin 375mg tablets,0501013K0BBAAAA
AMP,386811000001108,Augmentin 375mg dispersible tablets,0501013K0BBABAB
AMP,549911000001100,Augmentin Intravenous 600mg powder for solution for injection vials,0501013K0BBACAE
AMP,871511000001109,Augmentin Intravenous 1.2g powder for solution for injection vials,0501013K0BBAHAF
AMP,932211000001108,Augmentin 125/31 SF oral suspension,0501013K0BBAJAD
AMP,866111000001100,Augmentin 250/62 SF oral suspension,0501013K0BBAKAG
AMP,292511000001103,Augmentin 625mg tablets,0501013K0BBALAJ
AMP,169511000001107,Augmentin-Duo 400/57 oral suspension,0501013K0BBAMAK
AMP,29011000001102,Amiclav 250mg/125mg tablets,0501013K0BCAAAA
AMP,139811000001101,Ranclav 375mg tablets,0501013K0BDAAAA
AMP,57911000001109,Ranclav 625mg tablets,0501013K0BDABAJ
AMP,451111000001109,Ranclav 250mg/62mg/5ml SF oral suspension,0501013K0BDACAG
AMP,618111000001108,Ranclav 125mg/31mg/5ml SF oral suspension,0501013K0BDADAD
VMP,39735011000001107,Cefaclor 250mg capsules,0501021A0AAAAAA
AMP,275011000001109,Cefaclor 250mg capsules,0501021A0AAAAAA
AMP,813911000001109,Cefaclor 250mg capsules,0501021A0AAAAAA
AMP,10290911000001100,Cefaclor 250mg capsules,0501021A0AAAAAA
AMP,636511000001108,Cefaclor 250mg capsules,0501021A0AAAAAA
AMP,17826511000001101,Cefaclor 250mg capsules,0501021A0AAAAAA
AMP,233911000001105,Cefaclor 250mg capsules,0501021A0AAAAAA
AMP,270911000001104,Cefaclor 250mg capsules,0501021A0AAAAAA
VMP,323792004,Cefaclor 125mg/5ml oral suspension,0501021A0AAABAB
AMP,4113911000001107,Cefaclor 125mg/5ml oral suspension,0501021A0AAABAB
AMP,10348111000001104,Cefaclor 125mg/5ml oral suspension,0501021A0AAABAB
AMP,25833611000001106,Cefaclor 125mg/5ml oral suspension,0501021A0AAABAB
AMP,31564011000001109,Cefaclor 125mg/5ml oral suspension,0501021A0AAABAB
AMP,890411000001105,Cefaclor 125mg/5ml oral suspension,0501021A0AAABAB
AMP,30008911000001108,Cefaclor 125mg/5ml oral suspension,0501021A0AAABAB
AMP,32201411000001108,Cefaclor 125mg/5ml oral suspension,0501021A0AAABAB
AMP,18085911000001103,Cefaclor 125mg/5ml oral suspension,0501021A0AAABAB
AMP,171911000001109,Cefaclor 125mg/5ml oral suspension,0501021A0AAABAB
AMP,612411000001100,Cefaclor 125mg/5ml oral suspension,0501021A0AAABAB
VMP,323793009,Cefaclor 250mg/5ml oral suspension,0501021A0AAACAC
AMP,4114111000001106,Cefaclor 250mg/5ml oral suspension,0501021A0AAACAC
AMP,8825311000001105,Cefaclor 250mg/5ml oral suspension,0501021A0AAACAC
AMP,25834011000001102,Cefaclor 250mg/5ml oral suspension,0501021A0AAACAC
AMP,31564611000001102,Cefaclor 250mg/5ml oral suspension,0501021A0AAACAC
AMP,5311000001107,Cefaclor 250mg/5ml oral suspension,0501021A0AAACAC
AMP,32201711000001102,Cefaclor 250mg/5ml oral suspension,0501021A0AAACAC
AMP,18086111000001107,Cefaclor 250mg/5ml oral suspension,0501021A0AAACAC
AMP,400511000001101,Cefaclor 250mg/5ml oral suspension,0501021A0AAACAC
AMP,647311000001100,Cefaclor 250mg/5ml oral suspension,0501021A0AAACAC
VMP,39735111000001108,Cefaclor 500mg capsules,0501021A0AAAEAE
AMP,744311000001103,Cefaclor 500mg capsules,0501021A0AAAEAE
AMP,64011000001107,Cefaclor 500mg capsules,0501021A0AAAEAE
AMP,10291411000001104,Cefaclor 500mg capsules,0501021A0AAAEAE
AMP,4323911000001106,Cefaclor 500mg capsules,0501021A0AAAEAE
AMP,17826711000001106,Cefaclor 500mg capsules,0501021A0AAAEAE
AMP,923811000001104,Cefaclor 500mg capsules,0501021A0AAAEAE
AMP,15073011000001102,Cefaclor 500mg capsules,0501021A0AAAEAE
AMP,459111000001108,Cefaclor 500mg capsules,0501021A0AAAEAE
VMP,36134211000001100,Cefaclor 375mg modified-release tablets,0501021A0AAAGAG
AMP,3663611000001103,Cefaclor 375mg modified-release tablets,0501021A0AAAGAG
AMP,804411000001101,Cefaclor 375mg modified-release tablets,0501021A0AAAGAG
AMP,4324111000001105,Cefaclor 375mg modified-release tablets,0501021A0AAAGAG
AMP,168011000001109,Cefaclor 375mg modified-release tablets,0501021A0AAAGAG
VMP,36134011000001105,Cefaclor 125mg/5ml oral suspension sugar free,0501021A0AAAJAJ
AMP,37011000001109,Cefaclor 125mg/5ml oral suspension sugar free,0501021A0AAAJAJ
AMP,141511000001101,Cefaclor 125mg/5ml oral suspension sugar free,0501021A0AAAJAJ
AMP,10309911000001103,Cefaclor 125mg/5ml oral suspension sugar free,0501021A0AAAJAJ
AMP,17867211000001105,Cefaclor 125mg/5ml oral suspension sugar free,0501021A0AAAJAJ
AMP,576111000001105,Cefaclor 125mg/5ml oral suspension sugar free,0501021A0AAAJAJ
VMP,36134111000001106,Cefaclor 250mg/5ml oral suspension sugar free,0501021A0AAAKAK
AMP,745411000001106,Cefaclor 250mg/5ml oral suspension sugar free,0501021A0AAAKAK
AMP,594511000001101,Cefaclor 250mg/5ml oral suspension sugar free,0501021A0AAAKAK
AMP,10310111000001109,Cefaclor 250mg/5ml oral suspension sugar free,0501021A0AAAKAK
AMP,9764411000001109,Cefaclor 250mg/5ml oral suspension sugar free,0501021A0AAAKAK
AMP,17867411000001109,Cefaclor 250mg/5ml oral suspension sugar free,0501021A0AAAKAK
AMP,248911000001101,Cefaclor 250mg/5ml oral suspension sugar free,0501021A0AAAKAK
AMP,793311000001106,Distaclor 125mg/5ml oral suspension,0501021A0BBABAB
AMP,602211000001101,Distaclor 250mg/5ml oral suspension,0501021A0BBACAC
AMP,252811000001107,Distaclor 500mg capsules,0501021A0BBADAE
AMP,583511000001100,Distaclor MR 375mg tablets,0501021A0BBAEAG
AMP,555211000001108,Keftid 250mg capsules,0501021A0BDAAAA
AMP,803611000001101,Keftid 500mg capsules,0501021A0BDABAE
AMP,531011000001104,Keftid 125mg/5ml oral suspension,0501021A0BDACAJ
AMP,318811000001107,Keftid 250mg/5ml oral suspension,0501021A0BDADAK
AMP,869711000001109,Bacticlor MR 375mg tablets,0501021A0BEAAAG
VMP,39735211000001102,Cefadroxil 500mg capsules,0501021B0AAAAAA
AMP,7887711000001102,Cefadroxil 500mg capsules,0501021B0AAAAAA
AMP,5918311000001108,Cefadroxil 500mg capsules,0501021B0AAAAAA
AMP,19712411000001100,Cefadroxil 500mg capsules,0501021B0AAAAAA
AMP,30009111000001103,Cefadroxil 500mg capsules,0501021B0AAAAAA
AMP,38825011000001109,Cefadroxil 500mg capsules,0501021B0AAAAAA
AMP,17851711000001104,Cefadroxil 500mg capsules,0501021B0AAAAAA
AMP,8750411000001109,Cefadroxil 500mg capsules,0501021B0AAAAAA
AMP,4814611000001109,Cefadroxil 500mg capsules,0501021B0AAAAAA
AMP,15073211000001107,Cefadroxil 500mg capsules,0501021B0AAAAAA
AMP,21821711000001101,Cefadroxil 500mg capsules,0501021B0AAAAAA
VMP,323811004,Cefadroxil 125mg/5ml oral suspension,0501021B0AAABAB
VMP,323812006,Cefadroxil 250mg/5ml oral suspension,0501021B0AAACAC
VMP,323816009,Cefadroxil 500mg/5ml oral suspension,0501021B0AAADAD
AMP,674111000001108,Baxan 500mg capsules,0501021B0BBAAAA
AMP,912111000001109,Baxan 125mg/5ml oral suspension,0501021B0BBABAB
AMP,60011000001100,Baxan 250mg/5ml oral suspension,0501021B0BBACAC
AMP,304211000001103,Baxan 500mg/5ml oral suspension,0501021B0BBADAD
VMP,323973007,Cefixime 200mg tablets,0501021C0AAAAAA
VMP,36134411000001101,Cefixime 100mg/5ml oral suspension,0501021C0AAABAB
VMP,370375008,Cefixime 400mg tablets,0501021C0AAACAC
AMP,34762811000001103,Cefixime 400mg tablets,0501021C0AAACAC
AMP,511411000001101,Suprax 200mg tablets,0501021C0BBAAAA
AMP,3184511000001101,Suprax Paediatric 100mg/5ml oral suspension,0501021C0BBABAB
VMP,323824004,Cefotaxime 500mg powder for solution for injection vials,0501021D0AAAAAA
AMP,13611511000001101,Cefotaxime 500mg powder for solution for injection vials,0501021D0AAAAAA
AMP,34750011000001101,Cefotaxime 500mg powder for solution for injection vials,0501021D0AAAAAA
AMP,4532811000001108,Cefotaxime 500mg powder for solution for injection vials,0501021D0AAAAAA
AMP,27971011000001109,Cefotaxime 500mg powder for solution for injection vials,0501021D0AAAAAA
AMP,4532411000001106,Cefotaxime 500mg powder for solution for injection vials,0501021D0AAAAAA
VMP,323825003,Cefotaxime 1g powder for solution for injection vials,0501021D0AAABAB
AMP,13611811000001103,Cefotaxime 1g powder for solution for injection vials,0501021D0AAABAB
AMP,34749811000001100,Cefotaxime 1g powder for solution for injection vials,0501021D0AAABAB
AMP,3940811000001102,Cefotaxime 1g powder for solution for injection vials,0501021D0AAABAB
AMP,27969111000001102,Cefotaxime 1g powder for solution for injection vials,0501021D0AAABAB
AMP,36516011000001102,Cefotaxime 1g powder for solution for injection vials,0501021D0AAABAB
AMP,40090911000001107,Cefotaxime 1g powder for solution for injection vials,0501021D0AAABAB
AMP,3940211000001103,Cefotaxime 1g powder for solution for injection vials,0501021D0AAABAB
VMP,4558311000001100,Cefotaxime 2g powder for solution for injection vials,0501021D0AAACAC
AMP,13612211000001106,Cefotaxime 2g powder for solution for injection vials,0501021D0AAACAC
AMP,4533911000001105,Cefotaxime 2g powder for solution for injection vials,0501021D0AAACAC
AMP,27969611000001105,Cefotaxime 2g powder for solution for injection vials,0501021D0AAACAC
AMP,36516211000001107,Cefotaxime 2g powder for solution for injection vials,0501021D0AAACAC
AMP,40091111000001103,Cefotaxime 2g powder for solution for injection vials,0501021D0AAACAC
AMP,4533711000001108,Cefotaxime 2g powder for solution for injection vials,0501021D0AAACAC
AMP,4532011000001102,Claforan 500mg powder for solution for injection vials,0501021D0BBAAAA
AMP,3939811000001107,Claforan 1g powder for solution for injection vials,0501021D0BBABAB
AMP,4533411000001102,Claforan 2g powder for solution for injection vials,0501021D0BBACAC
VMP,323829009,Cefoxitin 1g powder for solution for injection vials,0501021E0AAADAD
AMP,28788511000001103,Cefoxitin 1g powder for solution for injection vials,0501021E0AAADAD
AMP,34800911000001107,Cefoxitin 1g powder for solution for injection vials,0501021E0AAADAD
VMP,323830004,Cefoxitin 2g powder for solution for injection vials,0501021E0AAAEAE
AMP,28788811000001100,Cefoxitin 2g powder for solution for injection vials,0501021E0AAAEAE
AMP,34801211000001109,Cefoxitin 2g powder for solution for injection vials,0501021E0AAAEAE
AMP,4375311000001105,Mefoxin 1g powder for solution for injection vials,0501021E0BBAAAD
AMP,4376311000001100,Mefoxin 2g powder for solution for injection vials,0501021E0BBABAE
AMP,37528311000001105,Renoxitin 1g powder for solution for injection vials,0501021E0BCAAAD
AMP,37529711000001100,Renoxitin 2g powder for solution for injection vials,0501021E0BCABAE
VMP,323982001,Cefpodoxime 100mg tablets,0501021F0AAAAAA
VMP,35369711000001108,Cefpodoxime 40mg/5ml oral suspension,0501021F0AAABAB
AMP,3929911000001104,Orelox 100mg tablets,0501021F0BBAAAA
AMP,3930911000001108,Orelox 40mg/5ml oral suspension paediatric,0501021F0BBABAB
VMP,323989005,Ceftriaxone 250mg powder for solution for injection vials,0501021G0AAABAB
AMP,13612411000001105,Ceftriaxone 250mg powder for solution for injection vials,0501021G0AAABAB
AMP,34750811000001107,Ceftriaxone 250mg powder for solution for injection vials,0501021G0AAABAB
AMP,23047711000001101,Ceftriaxone 250mg powder for solution for injection vials,0501021G0AAABAB
AMP,27971211000001104,Ceftriaxone 250mg powder for solution for injection vials,0501021G0AAABAB
VMP,323990001,Ceftriaxone 1g powder for solution for injection vials,0501021G0AAACAC
AMP,3977811000001102,Ceftriaxone 1g powder for solution for injection vials,0501021G0AAACAC
AMP,34751011000001105,Ceftriaxone 1g powder for solution for injection vials,0501021G0AAACAC
AMP,37336711000001105,Ceftriaxone 1g powder for solution for injection vials,0501021G0AAACAC
AMP,39028111000001104,Ceftriaxone 1g powder for solution for injection vials,0501021G0AAACAC
AMP,3978511000001101,Ceftriaxone 1g powder for solution for injection vials,0501021G0AAACAC
AMP,22824911000001102,Ceftriaxone 1g powder for solution for injection vials,0501021G0AAACAC
AMP,36516811000001108,Ceftriaxone 1g powder for solution for injection vials,0501021G0AAACAC
AMP,11400311000001106,Ceftriaxone 1g powder for solution for injection vials,0501021G0AAACAC
AMP,38564411000001109,Ceftriaxone 1g powder for solution for injection vials,0501021G0AAACAC
AMP,20100211000001107,Ceftriaxone 1g powder for solution for injection vials,0501021G0AAACAC
AMP,36541011000001102,Ceftriaxone 1g powder for solution for injection vials,0501021G0AAACAC
AMP,32483211000001108,Ceftriaxone 1g powder for solution for injection vials,0501021G0AAACAC
AMP,3978011000001109,Ceftriaxone 1g powder for solution for injection vials,0501021G0AAACAC
VMP,323991002,Ceftriaxone 2g powder for solution for injection vials,0501021G0AAADAD
AMP,23414711000001106,Ceftriaxone 2g powder for solution for infusion vials,0501021G0AAADAD
AMP,36517011000001104,Ceftriaxone 2g powder for solution for infusion vials,0501021G0AAADAD
AMP,4405611000001104,Ceftriaxone 2g powder for solution for injection vials,0501021G0AAADAD
AMP,34751211000001100,Ceftriaxone 2g powder for solution for injection vials,0501021G0AAADAD
AMP,39027911000001102,Ceftriaxone 2g powder for solution for injection vials,0501021G0AAADAD
AMP,4406311000001104,Ceftriaxone 2g powder for solution for injection vials,0501021G0AAADAD
AMP,20100411000001106,Ceftriaxone 2g powder for solution for injection vials,0501021G0AAADAD
AMP,40093511000001106,Ceftriaxone 2g powder for solution for injection vials,0501021G0AAADAD
AMP,36783811000001102,Ceftriaxone 2g powder for solution for injection vials,0501021G0AAADAD
AMP,32483411000001107,Ceftriaxone 2g powder for solution for injection vials,0501021G0AAADAD
AMP,4406011000001102,Ceftriaxone 2g powder for solution for injection vials,0501021G0AAADAD
AMP,4404611000001100,Rocephin 250mg powder for solution for injection vials,0501021G0BBAAAB
AMP,3978911000001108,Rocephin 1g powder for solution for injection vials,0501021G0BBABAC
AMP,4406611000001109,Rocephin 2g powder for solution for injection vials,0501021G0BBACAD
VMP,323853003,Ceftazidime 500mg powder for solution for injection vials,0501021H0AAAAAA
AMP,10188511000001108,Ceftazidime 500mg powder for solution for injection vials,0501021H0AAAAAA
AMP,34750211000001106,Ceftazidime 500mg powder for solution for injection vials,0501021H0AAAAAA
AMP,36537311000001106,Ceftazidime 500mg powder for solution for injection vials,0501021H0AAAAAA
AMP,8744311000001107,Ceftazidime 500mg powder for solution for injection vials,0501021H0AAAAAA
AMP,32483611000001105,Ceftazidime 500mg powder for solution for injection vials,0501021H0AAAAAA
AMP,19837811000001105,Ceftazidime 500mg powder for solution for injection vials,0501021H0AAAAAA
VMP,323854009,Ceftazidime 1g powder for solution for injection vials,0501021H0AAABAB
AMP,10188111000001104,Ceftazidime 1g powder for solution for injection vials,0501021H0AAABAB
AMP,34750411000001105,Ceftazidime 1g powder for solution for injection vials,0501021H0AAABAB
AMP,36760611000001107,Ceftazidime 1g powder for solution for injection vials,0501021H0AAABAB
AMP,8745211000001103,Ceftazidime 1g powder for solution for injection vials,0501021H0AAABAB
AMP,23055511000001100,Ceftazidime 1g powder for solution for injection vials,0501021H0AAABAB
AMP,36516411000001106,Ceftazidime 1g powder for solution for injection vials,0501021H0AAABAB
AMP,36540611000001104,Ceftazidime 1g powder for solution for injection vials,0501021H0AAABAB
AMP,32483811000001109,Ceftazidime 1g powder for solution for injection vials,0501021H0AAABAB
AMP,19843211000001101,Ceftazidime 1g powder for solution for injection vials,0501021H0AAABAB
AMP,9470311000001109,Ceftazidime 1g powder for solution for injection vials,0501021H0AAABAB
VMP,323855005,Ceftazidime 2g powder for solution for injection vials,0501021H0AAACAC
AMP,10188311000001102,Ceftazidime 2g powder for solution for injection vials,0501021H0AAACAC
AMP,34750611000001108,Ceftazidime 2g powder for solution for injection vials,0501021H0AAACAC
AMP,36611411000001109,Ceftazidime 2g powder for solution for injection vials,0501021H0AAACAC
AMP,8745411000001104,Ceftazidime 2g powder for solution for injection vials,0501021H0AAACAC
AMP,23057711000001104,Ceftazidime 2g powder for solution for injection vials,0501021H0AAACAC
AMP,36516611000001109,Ceftazidime 2g powder for solution for injection vials,0501021H0AAACAC
AMP,36540811000001100,Ceftazidime 2g powder for solution for injection vials,0501021H0AAACAC
AMP,32484011000001101,Ceftazidime 2g powder for solution for injection vials,0501021H0AAACAC
AMP,19842311000001104,Ceftazidime 2g powder for solution for injection vials,0501021H0AAACAC
AMP,9470511000001103,Ceftazidime 2g powder for solution for injection vials,0501021H0AAACAC
VMP,323852008,Ceftazidime 250mg powder for solution for injection vials,0501021H0AAADAD
VMP,323849000,Ceftazidime 3g powder for solution for injection vials,0501021H0AAAHAH
AMP,35798511000001105,Ceftazidime 3g powder for solution for injection vials,0501021H0AAAHAH
AMP,4373011000001106,Fortum 250mg powder for solution for injection vials,0501021H0BBAAAD
AMP,4374011000001108,Fortum 500mg powder for solution for injection vials,0501021H0BBABAA
AMP,3930311000001107,Fortum 1g powder for solution for injection vials,0501021H0BBACAB
AMP,4374611000001101,Fortum 2g powder for solution for injection vials,0501021H0BBADAC
AMP,4375711000001109,Fortum 3g powder for solution for injection vials,0501021H0BBAGAH
AMP,10283311000001108,Fortum Monovial 2g powder for solution for injection vials,0501021H0BBAHAC
AMP,4374311000001106,Kefadim 500mg powder for solution for injection vials,0501021H0BCAAAA
AMP,3930711000001106,Kefadim 1g powder for solution for injection vials,0501021H0BCABAB
AMP,4374911000001107,Kefadim 2g powder for solution for injection vials,0501021H0BCACAC
VMP,323880005,Cefuroxime 250mg powder for solution for injection vials,0501021J0AAAAAA
AMP,4740011000001101,Cefuroxime 250mg powder for solution for injection vials,0501021J0AAAAAA
AMP,34751411000001101,Cefuroxime 250mg powder for solution for injection vials,0501021J0AAAAAA
AMP,36754511000001105,Cefuroxime 250mg powder for solution for injection vials,0501021J0AAAAAA
VMP,36134711000001107,Cefuroxime 750mg powder for solution for injection vials,0501021J0AAABAB
AMP,3939111000001100,Cefuroxime 750mg powder for solution for injection vials,0501021J0AAABAB
AMP,11617911000001109,Cefuroxime 750mg powder for solution for injection vials,0501021J0AAABAB
AMP,36613111000001103,Cefuroxime 750mg powder for solution for injection vials,0501021J0AAABAB
AMP,40094011000001101,Cefuroxime 750mg powder for solution for injection vials,0501021J0AAABAB
AMP,36754311000001104,Cefuroxime 750mg powder for solution for injection vials,0501021J0AAABAB
AMP,36605111000001104,Cefuroxime 750mg powder for solution for injection vials,0501021J0AAABAB
VMP,4557611000001106,Cefuroxime 1.5g powder for solution for injection vials,0501021J0AAACAC
AMP,4530611000001108,Cefuroxime 1.5g powder for solution for injection vials,0501021J0AAACAC
AMP,11617611000001103,Cefuroxime 1.5g powder for solution for injection vials,0501021J0AAACAC
AMP,36613311000001101,Cefuroxime 1.5g powder for solution for injection vials,0501021J0AAACAC
AMP,36605311000001102,Cefuroxime 1.5g powder for solution for injection vials,0501021J0AAACAC
AMP,40094511000001109,Cefuroxime 1.5g powder for solution for injection vials,0501021J0AAACAC
AMP,36753811000001105,Cefuroxime 1.5g powder for solution for injection vials,0501021J0AAACAC
AMP,4740211000001106,Zinacef 250mg powder for solution for injection vials,0501021J0BBAAAA
AMP,3939311000001103,Zinacef 750mg powder for solution for injection vials,0501021J0BBABAB
AMP,4530311000001103,Zinacef 1.5g powder for solution for injection vials,0501021J0BBACAC
AMP,11775211000001105,Britacef 250mg powder for solution for injection vials,0501021J0BCAAAA
AMP,11775411000001109,Britacef 750mg powder for solution for injection vials,0501021J0BCABAB
AMP,11775611000001107,Britacef 1.5g powder for solution for injection vials,0501021J0BCACAC
VMP,39684511000001101,Cefuroxime 125mg tablets,0501021K0AAAAAA
VMP,39694611000001101,Cefuroxime 250mg tablets,0501021K0AAABAB
AMP,10096411000001100,Cefuroxime 250mg tablets,0501021K0AAABAB
AMP,10271811000001105,Cefuroxime 250mg tablets,0501021K0AAABAB
AMP,19712711000001106,Cefuroxime 250mg tablets,0501021K0AAABAB
AMP,30011011000001101,Cefuroxime 250mg tablets,0501021K0AAABAB
AMP,38826311000001102,Cefuroxime 250mg tablets,0501021K0AAABAB
AMP,17853111000001104,Cefuroxime 250mg tablets,0501021K0AAABAB
AMP,9547111000001104,Cefuroxime 250mg tablets,0501021K0AAABAB
AMP,15074511000001108,Cefuroxime 250mg tablets,0501021K0AAABAB
AMP,10885511000001106,Cefuroxime 250mg tablets,0501021K0AAABAB
AMP,13743011000001107,Cefuroxime 250mg tablets,0501021K0AAABAB
AMP,21831411000001105,Cefuroxime 250mg tablets,0501021K0AAABAB
VMP,323872003,Cefuroxime 125mg/5ml oral suspension,0501021K0AAACAC
VMP,323874002,Cefuroxime 125mg granules sachets,0501021K0AAADAD
AMP,228011000001102,Zinnat 125mg tablets,0501021K0BBAAAA
AMP,211911000001100,Zinnat 250mg tablets,0501021K0BBABAB
AMP,238811000001105,Zinnat 125mg/5ml oral suspension,0501021K0BBACAC
AMP,3253511000001109,Zinnat Suspension 125mg granules sachets,0501021K0BBADAD
VMP,39735311000001105,Cefalexin 250mg capsules,0501021L0AAAAAA
AMP,716611000001106,Cefalexin 250mg capsules,0501021L0AAAAAA
AMP,34811000001107,Cefalexin 250mg capsules,0501021L0AAAAAA
AMP,606011000001105,Cefalexin 250mg capsules,0501021L0AAAAAA
AMP,10388711000001105,Cefalexin 250mg capsules,0501021L0AAAAAA
AMP,22631111000001107,Cefalexin 250mg capsules,0501021L0AAAAAA
AMP,37509711000001109,Cefalexin 250mg capsules,0501021L0AAAAAA
AMP,3611000001101,Cefalexin 250mg capsules,0501021L0AAAAAA
AMP,763611000001104,Cefalexin 250mg capsules,0501021L0AAAAAA
AMP,27996311000001105,Cefalexin 250mg capsules,0501021L0AAAAAA
AMP,30009611000001106,Cefalexin 250mg capsules,0501021L0AAAAAA
AMP,38826011000001100,Cefalexin 250mg capsules,0501021L0AAAAAA
AMP,19187811000001108,Cefalexin 250mg capsules,0501021L0AAAAAA
AMP,9376611000001109,Cefalexin 250mg capsules,0501021L0AAAAAA
AMP,17851911000001102,Cefalexin 250mg capsules,0501021L0AAAAAA
AMP,612311000001107,Cefalexin 250mg capsules,0501021L0AAAAAA
AMP,29782311000001109,Cefalexin 250mg capsules,0501021L0AAAAAA
AMP,758111000001108,Cefalexin 250mg capsules,0501021L0AAAAAA
AMP,216811000001100,Cefalexin 250mg capsules,0501021L0AAAAAA
AMP,21822811000001100,Cefalexin 250mg capsules,0501021L0AAAAAA
VMP,39694811000001102,Cefalexin 500mg capsules,0501021L0AAABAB
AMP,660211000001101,Cefalexin 500mg capsules,0501021L0AAABAB
AMP,596511000001107,Cefalexin 500mg capsules,0501021L0AAABAB
AMP,324911000001101,Cefalexin 500mg capsules,0501021L0AAABAB
AMP,10388911000001107,Cefalexin 500mg capsules,0501021L0AAABAB
AMP,22631511000001103,Cefalexin 500mg capsules,0501021L0AAABAB
AMP,37510111000001100,Cefalexin 500mg capsules,0501021L0AAABAB
AMP,648411000001106,Cefalexin 500mg capsules,0501021L0AAABAB
AMP,850211000001103,Cefalexin 500mg capsules,0501021L0AAABAB
AMP,27996611000001100,Cefalexin 500mg capsules,0501021L0AAABAB
AMP,30010111000001106,Cefalexin 500mg capsules,0501021L0AAABAB
AMP,38826411000001109,Cefalexin 500mg capsules,0501021L0AAABAB
AMP,19188011000001101,Cefalexin 500mg capsules,0501021L0AAABAB
AMP,9376411000001106,Cefalexin 500mg capsules,0501021L0AAABAB
AMP,17852111000001105,Cefalexin 500mg capsules,0501021L0AAABAB
AMP,305811000001101,Cefalexin 500mg capsules,0501021L0AAABAB
AMP,29782711000001108,Cefalexin 500mg capsules,0501021L0AAABAB
AMP,587511000001105,Cefalexin 500mg capsules,0501021L0AAABAB
AMP,86911000001101,Cefalexin 500mg capsules,0501021L0AAABAB
AMP,21823311000001104,Cefalexin 500mg capsules,0501021L0AAABAB
VMP,323887008,Cefalexin 125mg/5ml oral suspension,0501021L0AAACAC
AMP,639611000001104,Cefalexin 125mg/5ml oral suspension,0501021L0AAACAC
AMP,640011000001104,Cefalexin 125mg/5ml oral suspension,0501021L0AAACAC
AMP,534211000001106,Cefalexin 125mg/5ml oral suspension,0501021L0AAACAC
AMP,10456111000001106,Cefalexin 125mg/5ml oral suspension,0501021L0AAACAC
AMP,22631711000001108,Cefalexin 125mg/5ml oral suspension,0501021L0AAACAC
AMP,37510911000001102,Cefalexin 125mg/5ml oral suspension,0501021L0AAACAC
AMP,34311000001103,Cefalexin 125mg/5ml oral suspension,0501021L0AAACAC
AMP,30010411000001101,Cefalexin 125mg/5ml oral suspension,0501021L0AAACAC
AMP,38825611000001102,Cefalexin 125mg/5ml oral suspension,0501021L0AAACAC
AMP,18086311000001109,Cefalexin 125mg/5ml oral suspension,0501021L0AAACAC
AMP,233111000001107,Cefalexin 125mg/5ml oral suspension,0501021L0AAACAC
AMP,15073911000001103,Cefalexin 125mg/5ml oral suspension,0501021L0AAACAC
AMP,6211000001105,Cefalexin 125mg/5ml oral suspension,0501021L0AAACAC
AMP,560011000001100,Cefalexin 125mg/5ml oral suspension,0501021L0AAACAC
AMP,21826411000001101,Cefalexin 125mg/5ml oral suspension,0501021L0AAACAC
VMP,323888003,Cefalexin 250mg/5ml oral suspension,0501021L0AAADAD
AMP,800711000001101,Cefalexin 250mg/5ml oral suspension,0501021L0AAADAD
AMP,707211000001109,Cefalexin 250mg/5ml oral suspension,0501021L0AAADAD
AMP,158511000001109,Cefalexin 250mg/5ml oral suspension,0501021L0AAADAD
AMP,10456311000001108,Cefalexin 250mg/5ml oral suspension,0501021L0AAADAD
AMP,30136211000001103,Cefalexin 250mg/5ml oral suspension,0501021L0AAADAD
AMP,37510711000001104,Cefalexin 250mg/5ml oral suspension,0501021L0AAADAD
AMP,835511000001109,Cefalexin 250mg/5ml oral suspension,0501021L0AAADAD
AMP,30010611000001103,Cefalexin 250mg/5ml oral suspension,0501021L0AAADAD
AMP,38827711000001100,Cefalexin 250mg/5ml oral suspension,0501021L0AAADAD
AMP,18086511000001103,Cefalexin 250mg/5ml oral suspension,0501021L0AAADAD
AMP,728211000001103,Cefalexin 250mg/5ml oral suspension,0501021L0AAADAD
AMP,15074111000001104,Cefalexin 250mg/5ml oral suspension,0501021L0AAADAD
AMP,344611000001109,Cefalexin 250mg/5ml oral suspension,0501021L0AAADAD
AMP,887911000001102,Cefalexin 250mg/5ml oral suspension,0501021L0AAADAD
AMP,21826611000001103,Cefalexin 250mg/5ml oral suspension,0501021L0AAADAD
VMP,36134311000001108,Cefalexin 500mg/5ml oral suspension,0501021L0AAAEAE
AMP,30769411000001109,Cefalexin 500mg/5ml oral suspension,0501021L0AAAEAE
AMP,31565211000001103,Cefalexin 500mg/5ml oral suspension,0501021L0AAAEAE
AMP,8825611000001100,Cefalexin 500mg/5ml oral suspension,0501021L0AAAEAE
AMP,32202211000001102,Cefalexin 500mg/5ml oral suspension,0501021L0AAAEAE
AMP,15074311000001102,Cefalexin 500mg/5ml oral suspension,0501021L0AAAEAE
AMP,21825911000001102,Cefalexin 500mg/5ml oral suspension,0501021L0AAAEAE
VMP,39684111000001105,Cefalexin 250mg tablets,0501021L0AAAGAG
AMP,719911000001109,Cefalexin 250mg tablets,0501021L0AAAGAG
AMP,924811000001101,Cefalexin 250mg tablets,0501021L0AAAGAG
AMP,600911000001106,Cefalexin 250mg tablets,0501021L0AAAGAG
AMP,10389111000001102,Cefalexin 250mg tablets,0501021L0AAAGAG
AMP,22631911000001105,Cefalexin 250mg tablets,0501021L0AAAGAG
AMP,37510511000001109,Cefalexin 250mg tablets,0501021L0AAAGAG
AMP,360811000001108,Cefalexin 250mg tablets,0501021L0AAAGAG
AMP,483611000001107,Cefalexin 250mg tablets,0501021L0AAAGAG
AMP,39845511000001102,Cefalexin 250mg tablets,0501021L0AAAGAG
AMP,11267511000001101,Cefalexin 250mg tablets,0501021L0AAAGAG
AMP,17852311000001107,Cefalexin 250mg tablets,0501021L0AAAGAG
AMP,232811000001108,Cefalexin 250mg tablets,0501021L0AAAGAG
AMP,15052511000001101,Cefalexin 250mg tablets,0501021L0AAAGAG
AMP,362911000001104,Cefalexin 250mg tablets,0501021L0AAAGAG
AMP,427011000001102,Cefalexin 250mg tablets,0501021L0AAAGAG
AMP,21827211000001103,Cefalexin 250mg tablets,0501021L0AAAGAG
VMP,39735911000001106,Cefalexin 500mg tablets,0501021L0AAAHAH
AMP,652611000001105,Cefalexin 500mg tablets,0501021L0AAAHAH
AMP,149411000001104,Cefalexin 500mg tablets,0501021L0AAAHAH
AMP,863911000001108,Cefalexin 500mg tablets,0501021L0AAAHAH
AMP,10389411000001107,Cefalexin 500mg tablets,0501021L0AAAHAH
AMP,22632111000001102,Cefalexin 500mg tablets,0501021L0AAAHAH
AMP,37510311000001103,Cefalexin 500mg tablets,0501021L0AAAHAH
AMP,887511000001109,Cefalexin 500mg tablets,0501021L0AAAHAH
AMP,331411000001105,Cefalexin 500mg tablets,0501021L0AAAHAH
AMP,38824911000001109,Cefalexin 500mg tablets,0501021L0AAAHAH
AMP,11267711000001106,Cefalexin 500mg tablets,0501021L0AAAHAH
AMP,17852511000001101,Cefalexin 500mg tablets,0501021L0AAAHAH
AMP,687811000001103,Cefalexin 500mg tablets,0501021L0AAAHAH
AMP,29782911000001105,Cefalexin 500mg tablets,0501021L0AAAHAH
AMP,199411000001106,Cefalexin 500mg tablets,0501021L0AAAHAH
AMP,452411000001109,Cefalexin 500mg tablets,0501021L0AAAHAH
AMP,21830211000001100,Cefalexin 500mg tablets,0501021L0AAAHAH
VMP,4865011000001104,Cefalexin 125mg/5ml oral suspension sugar free,0501021L0AAANAN
AMP,35227111000001103,Cefalexin 125mg/5ml oral suspension sugar free,0501021L0AAANAN
AMP,35210711000001106,Cefalexin 125mg/5ml oral suspension sugar free,0501021L0AAANAN
AMP,19188211000001106,Cefalexin 125mg/5ml oral suspension sugar free,0501021L0AAANAN
AMP,11267111000001105,Cefalexin 125mg/5ml oral suspension sugar free,0501021L0AAANAN
AMP,4861711000001104,Cefalexin 125mg/5ml oral suspension sugar free,0501021L0AAANAN
VMP,4515811000001108,Cefalexin 250mg/5ml oral suspension sugar free,0501021L0AAAPAP
AMP,35215211000001108,Cefalexin 250mg/5ml oral suspension sugar free,0501021L0AAAPAP
AMP,35210911000001108,Cefalexin 250mg/5ml oral suspension sugar free,0501021L0AAAPAP
AMP,19188411000001105,Cefalexin 250mg/5ml oral suspension sugar free,0501021L0AAAPAP
AMP,11267311000001107,Cefalexin 250mg/5ml oral suspension sugar free,0501021L0AAAPAP
AMP,4514011000001101,Cefalexin 250mg/5ml oral suspension sugar free,0501021L0AAAPAP
AMP,904711000001102,Ceporex 250mg capsules,0501021L0BBAAAA
AMP,343411000001108,Ceporex 500mg capsules,0501021L0BBABAB
AMP,474311000001107,Ceporex 250mg tablets,0501021L0BBACAG
AMP,471811000001100,Ceporex 500mg tablets,0501021L0BBADAH
AMP,96011000001104,Ceporex 125mg/5ml syrup,0501021L0BBAHAC
AMP,875311000001101,Ceporex 250mg/5ml syrup,0501021L0BBAIAD
AMP,3234011000001103,Ceporex 500mg/5ml syrup,0501021L0BBAJAE
AMP,733011000001104,Keflex 250mg capsules,0501021L0BCAAAA
AMP,362611000001105,Keflex 500mg capsules,0501021L0BCABAB
AMP,91011000001106,Keflex 250mg tablets,0501021L0BCACAG
AMP,622911000001103,Keflex 500mg tablets,0501021L0BCADAH
AMP,691711000001103,Keflex 125mg/5ml oral suspension,0501021L0BCAEAC
AMP,757911000001105,Keflex 250mg/5ml oral suspension,0501021L0BCAFAD
VMP,323944009,Cefradine 250mg capsules,0501021M0AAAAAA
AMP,441611000001103,Cefradine 250mg capsules,0501021M0AAAAAA
AMP,48711000001106,Cefradine 250mg capsules,0501021M0AAAAAA
AMP,13576111000001100,Cefradine 250mg capsules,0501021M0AAAAAA
AMP,266111000001108,Cefradine 250mg capsules,0501021M0AAAAAA
AMP,821811000001106,Cefradine 250mg capsules,0501021M0AAAAAA
AMP,38825311000001107,Cefradine 250mg capsules,0501021M0AAAAAA
AMP,17852711000001106,Cefradine 250mg capsules,0501021M0AAAAAA
AMP,231211000001100,Cefradine 250mg capsules,0501021M0AAAAAA
AMP,29783111000001101,Cefradine 250mg capsules,0501021M0AAAAAA
AMP,601211000001108,Cefradine 250mg capsules,0501021M0AAAAAA
AMP,141011000001109,Cefradine 250mg capsules,0501021M0AAAAAA
AMP,21830611000001103,Cefradine 250mg capsules,0501021M0AAAAAA
VMP,323945005,Cefradine 500mg capsules,0501021M0AAABAB
AMP,810111000001104,Cefradine 500mg capsules,0501021M0AAABAB
AMP,277711000001100,Cefradine 500mg capsules,0501021M0AAABAB
AMP,22632411000001107,Cefradine 500mg capsules,0501021M0AAABAB
AMP,88011000001101,Cefradine 500mg capsules,0501021M0AAABAB
AMP,332811000001103,Cefradine 500mg capsules,0501021M0AAABAB
AMP,30010811000001104,Cefradine 500mg capsules,0501021M0AAABAB
AMP,38825511000001101,Cefradine 500mg capsules,0501021M0AAABAB
AMP,17852911000001108,Cefradine 500mg capsules,0501021M0AAABAB
AMP,750911000001109,Cefradine 500mg capsules,0501021M0AAABAB
AMP,29783311000001104,Cefradine 500mg capsules,0501021M0AAABAB
AMP,392711000001103,Cefradine 500mg capsules,0501021M0AAABAB
AMP,688511000001102,Cefradine 500mg capsules,0501021M0AAABAB
AMP,21831111000001100,Cefradine 500mg capsules,0501021M0AAABAB
VMP,323947002,Cefradine 500mg powder for solution for injection vials,0501021M0AAACAC
VMP,323948007,Cefradine 1g powder for solution for injection vials,0501021M0AAADAD
VMP,36134511000001102,Cefradine 250mg/5ml oral solution,0501021M0AAAFAF
AMP,705811000001100,Velosef 250mg capsules,0501021M0BBAAAA
AMP,8911000001102,Velosef 500mg capsules,0501021M0BBABAB
AMP,3466111000001104,Velosef 250mg/5ml syrup,0501021M0BBACAF
AMP,795711000001106,Velosef 500mg powder for solution for injection vials,0501021M0BBADAC
AMP,14511000001100,Velosef 1g powder for solution for injection vials,0501021M0BBAEAD
AMP,435511000001103,Nicef 250mg capsules,0501021M0BCAAAA
AMP,769211000001104,Nicef 500mg capsules,0501021M0BCABAB
VMP,39687511000001109,Ciprofloxacin 250mg tablets,0501120L0AAAAAA
AMP,170311000001103,Ciprofloxacin 250mg tablets,0501120L0AAAAAA
AMP,19834111000001108,Ciprofloxacin 250mg tablets,0501120L0AAAAAA
AMP,18460011000001101,Ciprofloxacin 250mg tablets,0501120L0AAAAAA
AMP,624611000001101,Ciprofloxacin 250mg tablets,0501120L0AAAAAA
AMP,211411000001108,Ciprofloxacin 250mg tablets,0501120L0AAAAAA
AMP,9795711000001102,Ciprofloxacin 250mg tablets,0501120L0AAAAAA
AMP,10393211000001107,Ciprofloxacin 250mg tablets,0501120L0AAAAAA
AMP,15988911000001106,Ciprofloxacin 250mg tablets,0501120L0AAAAAA
AMP,19713611000001107,Ciprofloxacin 250mg tablets,0501120L0AAAAAA
AMP,11017911000001103,Ciprofloxacin 250mg tablets,0501120L0AAAAAA
AMP,7426211000001108,Ciprofloxacin 250mg tablets,0501120L0AAAAAA
AMP,810711000001103,Ciprofloxacin 250mg tablets,0501120L0AAAAAA
AMP,254711000001109,Ciprofloxacin 250mg tablets,0501120L0AAAAAA
AMP,38834811000001101,Ciprofloxacin 250mg tablets,0501120L0AAAAAA
AMP,19729511000001101,Ciprofloxacin 250mg tablets,0501120L0AAAAAA
AMP,38794711000001100,Ciprofloxacin 250mg tablets,0501120L0AAAAAA
AMP,36574211000001108,Ciprofloxacin 250mg tablets,0501120L0AAAAAA
AMP,10442211000001104,Ciprofloxacin 250mg tablets,0501120L0AAAAAA
AMP,11401111000001103,Ciprofloxacin 250mg tablets,0501120L0AAAAAA
AMP,17858211000001102,Ciprofloxacin 250mg tablets,0501120L0AAAAAA
AMP,40673211000001108,Ciprofloxacin 250mg tablets,0501120L0AAAAAA
AMP,827711000001107,Ciprofloxacin 250mg tablets,0501120L0AAAAAA
AMP,485011000001104,Ciprofloxacin 250mg tablets,0501120L0AAAAAA
AMP,15077111000001109,Ciprofloxacin 250mg tablets,0501120L0AAAAAA
AMP,368511000001108,Ciprofloxacin 250mg tablets,0501120L0AAAAAA
AMP,18280611000001105,Ciprofloxacin 250mg tablets,0501120L0AAAAAA
AMP,370811000001102,Ciprofloxacin 250mg tablets,0501120L0AAAAAA
AMP,13743811000001101,Ciprofloxacin 250mg tablets,0501120L0AAAAAA
AMP,36840911000001109,Ciprofloxacin 250mg tablets,0501120L0AAAAAA
AMP,317211000001107,Ciprofloxacin 250mg tablets,0501120L0AAAAAA
AMP,21852511000001102,Ciprofloxacin 250mg tablets,0501120L0AAAAAA
AMP,826011000001107,Ciprofloxacin 250mg tablets,0501120L0AAAAAA
VMP,36140911000001100,Ciprofloxacin 100mg/50ml solution for infusion bottles,0501120L0AAABAB
AMP,11546011000001109,Ciprofloxacin 100mg/50ml solution for infusion bottles,0501120L0AAABAB
VMP,8967411000001108,Ciprofloxacin 200mg/100ml solution for infusion bottles,0501120L0AAADAD
AMP,36570411000001101,Ciprofloxacin 200mg/100ml solution for infusion bottles,0501120L0AAADAD
AMP,22982111000001106,Ciprofloxacin 200mg/100ml solution for infusion bottles,0501120L0AAADAD
VMP,39687811000001107,Ciprofloxacin 500mg tablets,0501120L0AAAFAF
AMP,625611000001100,Ciprofloxacin 500mg tablets,0501120L0AAAFAF
AMP,19834311000001105,Ciprofloxacin 500mg tablets,0501120L0AAAFAF
AMP,18460411000001105,Ciprofloxacin 500mg tablets,0501120L0AAAFAF
AMP,920811000001106,Ciprofloxacin 500mg tablets,0501120L0AAAFAF
AMP,238711000001102,Ciprofloxacin 500mg tablets,0501120L0AAAFAF
AMP,9785111000001102,Ciprofloxacin 500mg tablets,0501120L0AAAFAF
AMP,10393511000001105,Ciprofloxacin 500mg tablets,0501120L0AAAFAF
AMP,15989111000001101,Ciprofloxacin 500mg tablets,0501120L0AAAFAF
AMP,648911000001103,Ciprofloxacin 500mg tablets,0501120L0AAAFAF
AMP,19713911000001101,Ciprofloxacin 500mg tablets,0501120L0AAAFAF
AMP,11018811000001107,Ciprofloxacin 500mg tablets,0501120L0AAAFAF
AMP,7426411000001107,Ciprofloxacin 500mg tablets,0501120L0AAAFAF
AMP,491511000001105,Ciprofloxacin 500mg tablets,0501120L0AAAFAF
AMP,2511000001107,Ciprofloxacin 500mg tablets,0501120L0AAAFAF
AMP,38835111000001107,Ciprofloxacin 500mg tablets,0501120L0AAAFAF
AMP,19729711000001106,Ciprofloxacin 500mg tablets,0501120L0AAAFAF
AMP,38715111000001103,Ciprofloxacin 500mg tablets,0501120L0AAAFAF
AMP,36574711000001101,Ciprofloxacin 500mg tablets,0501120L0AAAFAF
AMP,36696711000001108,Ciprofloxacin 500mg tablets,0501120L0AAAFAF
AMP,11401511000001107,Ciprofloxacin 500mg tablets,0501120L0AAAFAF
AMP,17858511000001104,Ciprofloxacin 500mg tablets,0501120L0AAAFAF
AMP,40673411000001107,Ciprofloxacin 500mg tablets,0501120L0AAAFAF
AMP,735711000001101,Ciprofloxacin 500mg tablets,0501120L0AAAFAF
AMP,327011000001108,Ciprofloxacin 500mg tablets,0501120L0AAAFAF
AMP,15077911000001107,Ciprofloxacin 500mg tablets,0501120L0AAAFAF
AMP,938011000001100,Ciprofloxacin 500mg tablets,0501120L0AAAFAF
AMP,18280811000001109,Ciprofloxacin 500mg tablets,0501120L0AAAFAF
AMP,62011000001101,Ciprofloxacin 500mg tablets,0501120L0AAAFAF
AMP,13744011000001109,Ciprofloxacin 500mg tablets,0501120L0AAAFAF
AMP,36841511000001109,Ciprofloxacin 500mg tablets,0501120L0AAAFAF
AMP,823711000001102,Ciprofloxacin 500mg tablets,0501120L0AAAFAF
AMP,21853011000001101,Ciprofloxacin 500mg tablets,0501120L0AAAFAF
AMP,15261211000001108,Ciprofloxacin 500mg tablets,0501120L0AAAFAF
VMP,39686211000001109,Ciprofloxacin 100mg tablets,0501120L0AAAGAG
AMP,675411000001102,Ciprofloxacin 100mg tablets,0501120L0AAAGAG
AMP,227611000001105,Ciprofloxacin 100mg tablets,0501120L0AAAGAG
AMP,130511000001107,Ciprofloxacin 100mg tablets,0501120L0AAAGAG
AMP,17964311000001102,Ciprofloxacin 100mg tablets,0501120L0AAAGAG
AMP,15988711000001109,Ciprofloxacin 100mg tablets,0501120L0AAAGAG
AMP,19713411000001109,Ciprofloxacin 100mg tablets,0501120L0AAAGAG
AMP,11017111000001101,Ciprofloxacin 100mg tablets,0501120L0AAAGAG
AMP,780711000001102,Ciprofloxacin 100mg tablets,0501120L0AAAGAG
AMP,38834611000001100,Ciprofloxacin 100mg tablets,0501120L0AAAGAG
AMP,36575111000001103,Ciprofloxacin 100mg tablets,0501120L0AAAGAG
AMP,17858011000001107,Ciprofloxacin 100mg tablets,0501120L0AAAGAG
AMP,926611000001109,Ciprofloxacin 100mg tablets,0501120L0AAAGAG
AMP,15076711000001107,Ciprofloxacin 100mg tablets,0501120L0AAAGAG
AMP,671111000001105,Ciprofloxacin 100mg tablets,0501120L0AAAGAG
AMP,799111000001107,Ciprofloxacin 100mg tablets,0501120L0AAAGAG
AMP,36839911000001104,Ciprofloxacin 100mg tablets,0501120L0AAAGAG
VMP,39687011000001101,Ciprofloxacin 750mg tablets,0501120L0AAAJAJ
AMP,366711000001102,Ciprofloxacin 750mg tablets,0501120L0AAAJAJ
AMP,19833511000001102,Ciprofloxacin 750mg tablets,0501120L0AAAJAJ
AMP,23483711000001106,Ciprofloxacin 750mg tablets,0501120L0AAAJAJ
AMP,469011000001100,Ciprofloxacin 750mg tablets,0501120L0AAAJAJ
AMP,872511000001101,Ciprofloxacin 750mg tablets,0501120L0AAAJAJ
AMP,17964511000001108,Ciprofloxacin 750mg tablets,0501120L0AAAJAJ
AMP,10393811000001108,Ciprofloxacin 750mg tablets,0501120L0AAAJAJ
AMP,15989311000001104,Ciprofloxacin 750mg tablets,0501120L0AAAJAJ
AMP,19714211000001108,Ciprofloxacin 750mg tablets,0501120L0AAAJAJ
AMP,11019511000001103,Ciprofloxacin 750mg tablets,0501120L0AAAJAJ
AMP,7426611000001105,Ciprofloxacin 750mg tablets,0501120L0AAAJAJ
AMP,849311000001100,Ciprofloxacin 750mg tablets,0501120L0AAAJAJ
AMP,271111000001108,Ciprofloxacin 750mg tablets,0501120L0AAAJAJ
AMP,38835411000001102,Ciprofloxacin 750mg tablets,0501120L0AAAJAJ
AMP,19730111000001102,Ciprofloxacin 750mg tablets,0501120L0AAAJAJ
AMP,38715311000001101,Ciprofloxacin 750mg tablets,0501120L0AAAJAJ
AMP,36574511000001106,Ciprofloxacin 750mg tablets,0501120L0AAAJAJ
AMP,11402111000001108,Ciprofloxacin 750mg tablets,0501120L0AAAJAJ
AMP,17858811000001101,Ciprofloxacin 750mg tablets,0501120L0AAAJAJ
AMP,935711000001105,Ciprofloxacin 750mg tablets,0501120L0AAAJAJ
AMP,868011000001102,Ciprofloxacin 750mg tablets,0501120L0AAAJAJ
AMP,15078411000001100,Ciprofloxacin 750mg tablets,0501120L0AAAJAJ
AMP,630111000001102,Ciprofloxacin 750mg tablets,0501120L0AAAJAJ
AMP,18281011000001107,Ciprofloxacin 750mg tablets,0501120L0AAAJAJ
AMP,591811000001100,Ciprofloxacin 750mg tablets,0501120L0AAAJAJ
AMP,13744211000001104,Ciprofloxacin 750mg tablets,0501120L0AAAJAJ
AMP,36841911000001102,Ciprofloxacin 750mg tablets,0501120L0AAAJAJ
AMP,21853311000001103,Ciprofloxacin 750mg tablets,0501120L0AAAJAJ
AMP,9207911000001103,Ciprofloxacin 750mg tablets,0501120L0AAAJAJ
VMP,12020311000001106,Ciprofloxacin 40mg/5ml oral suspension,0501120L0AAANAN
AMP,11980911000001105,Ciprofloxacin 40mg/5ml oral suspension,0501120L0AAANAN
VMP,12019511000001104,Ciprofloxacin 100mg/5ml oral suspension,0501120L0AAAPAP
AMP,11975011000001109,Ciprofloxacin 100mg/5ml oral suspension,0501120L0AAAPAP
VMP,12020511000001100,Ciprofloxacin 500mg/5ml oral suspension,0501120L0AAAQAQ
AMP,11972111000001103,Ciprofloxacin 500mg/5ml oral suspension,0501120L0AAAQAQ
VMP,12019611000001100,Ciprofloxacin 125mg/5ml oral suspension,0501120L0AAATAT
AMP,11975511000001101,Ciprofloxacin 125mg/5ml oral suspension,0501120L0AAATAT
VMP,12020611000001101,Ciprofloxacin 50mg/5ml oral suspension,0501120L0AAAUAU
AMP,11972711000001102,Ciprofloxacin 50mg/5ml oral suspension,0501120L0AAAUAU
VMP,12020811000001102,Ciprofloxacin 75mg/5ml oral suspension,0501120L0AAAVAV
AMP,11973911000001107,Ciprofloxacin 75mg/5ml oral suspension,0501120L0AAAVAV
VMP,12020711000001105,Ciprofloxacin 60mg/5ml oral suspension,0501120L0AAAWAW
AMP,11973311000001106,Ciprofloxacin 60mg/5ml oral suspension,0501120L0AAAWAW
VMP,12019911000001106,Ciprofloxacin 170mg/5ml oral suspension,0501120L0AAAXAX
AMP,11977411000001106,Ciprofloxacin 170mg/5ml oral suspension,0501120L0AAAXAX
VMP,8973011000001101,Ciprofloxacin 400mg/200ml solution for infusion bottles,0501120L0AAAYAY
AMP,28040911000001104,Ciprofloxacin 400mg/200ml solution for infusion bottles,0501120L0AAAYAY
AMP,36570611000001103,Ciprofloxacin 400mg/200ml solution for infusion bottles,0501120L0AAAYAY
AMP,22983111000001100,Ciprofloxacin 400mg/200ml solution for infusion bottles,0501120L0AAAYAY
AMP,34611511000001102,Ciprofloxacin 400mg/200ml solution for infusion bottles,0501120L0AAAYAY
VMP,12020211000001103,Ciprofloxacin 375mg/5ml oral suspension,0501120L0AABBBB
AMP,11980311000001109,Ciprofloxacin 375mg/5ml oral suspension,0501120L0AABBBB
VMP,12020011000001108,Ciprofloxacin 175mg/5ml oral suspension,0501120L0AABCBC
AMP,11978711000001104,Ciprofloxacin 175mg/5ml oral suspension,0501120L0AABCBC
VMP,12020911000001107,Ciprofloxacin 80mg/5ml oral suspension,0501120L0AABDBD
AMP,11974611000001103,Ciprofloxacin 80mg/5ml oral suspension,0501120L0AABDBD
VMP,36141011000001108,Ciprofloxacin 200mg/100ml infusion bags,0501120L0AABEBE
AMP,35515811000001102,Ciprofloxacin 200mg/100ml infusion bags,0501120L0AABEBE
AMP,11761311000001107,Ciprofloxacin 200mg/100ml infusion bags,0501120L0AABEBE
VMP,36141511000001100,Ciprofloxacin 400mg/200ml infusion bags,0501120L0AABFBF
AMP,32775511000001107,Ciprofloxacin 400mg/200ml infusion bags,0501120L0AABFBF
AMP,35516111000001103,Ciprofloxacin 400mg/200ml infusion bags,0501120L0AABFBF
AMP,35831211000001109,Ciprofloxacin 400mg/200ml infusion bags,0501120L0AABFBF
AMP,11761811000001103,Ciprofloxacin 400mg/200ml infusion bags,0501120L0AABFBF
VMP,324602005,Ciprofloxacin 250mg/5ml oral suspension,0501120L0AABGBG
VMP,12020411000001104,Ciprofloxacin 45mg/5ml oral suspension,0501120L0AABHBH
AMP,11971311000001105,Ciprofloxacin 45mg/5ml oral suspension,0501120L0AABHBH
VMP,12019711000001109,Ciprofloxacin 150mg/5ml oral suspension,0501120L0AABIBI
AMP,11976011000001100,Ciprofloxacin 150mg/5ml oral suspension,0501120L0AABIBI
VMP,12019811000001101,Ciprofloxacin 165mg/5ml oral suspension,0501120L0AABJBJ
AMP,11976411000001109,Ciprofloxacin 165mg/5ml oral suspension,0501120L0AABJBJ
VMP,12020111000001109,Ciprofloxacin 20mg/5ml oral suspension,0501120L0AABKBK
AMP,11979311000001109,Ciprofloxacin 20mg/5ml oral suspension,0501120L0AABKBK
VMP,10892711000001106,Ciprofloxacin 100mg/50ml solution for infusion vials,0501120L0AABQBQ
AMP,18756911000001102,Ciprofloxacin 100mg/50ml solution for infusion vials,0501120L0AABQBQ
AMP,34648611000001102,Ciprofloxacin 100mg/50ml solution for infusion vials,0501120L0AABQBQ
AMP,34532811000001105,Ciprofloxacin 100mg/50ml solution for infusion vials,0501120L0AABQBQ
AMP,10889411000001105,Ciprofloxacin 100mg/50ml solution for infusion vials,0501120L0AABQBQ
VMP,10892811000001103,Ciprofloxacin 200mg/100ml solution for infusion vials,0501120L0AABRBR
AMP,11528211000001101,Ciprofloxacin 200mg/100ml solution for infusion vials,0501120L0AABRBR
AMP,34648911000001108,Ciprofloxacin 200mg/100ml solution for infusion vials,0501120L0AABRBR
AMP,13793511000001105,Ciprofloxacin 200mg/100ml solution for infusion vials,0501120L0AABRBR
AMP,34533011000001108,Ciprofloxacin 200mg/100ml solution for infusion vials,0501120L0AABRBR
AMP,10889711000001104,Ciprofloxacin 200mg/100ml solution for infusion vials,0501120L0AABRBR
VMP,10892911000001108,Ciprofloxacin 400mg/200ml solution for infusion vials,0501120L0AABSBS
AMP,11528411000001102,Ciprofloxacin 400mg/200ml solution for infusion vials,0501120L0AABSBS
AMP,34649111000001103,Ciprofloxacin 400mg/200ml solution for infusion vials,0501120L0AABSBS
AMP,13793711000001100,Ciprofloxacin 400mg/200ml solution for infusion vials,0501120L0AABSBS
AMP,10890011000001105,Ciprofloxacin 400mg/200ml solution for infusion vials,0501120L0AABSBS
AMP,455911000001109,Ciproxin 250mg tablets,0501120L0BBAAAA
AMP,417611000001101,Ciproxin 500mg tablets,0501120L0BBABAF
AMP,162511000001103,Ciproxin 100mg tablets,0501120L0BBACAG
AMP,661311000001104,Ciproxin 750mg tablets,0501120L0BBADAJ
AMP,902411000001101,Ciproxin 100mg/50ml solution for infusion bottles,0501120L0BBAEAB
AMP,8951511000001108,Ciproxin 200mg/100ml solution for infusion bottles,0501120L0BBAFAD
AMP,8954311000001104,Ciproxin 400mg/200ml solution for infusion bottles,0501120L0BBAGAY
AMP,785511000001102,Ciproxin I.V. Flexibag 200mg/100ml infusion,0501120L0BBAHBE
AMP,854011000001101,Ciproxin I.V. Flexibag 400mg/200ml infusion,0501120L0BBAIBF
AMP,3492511000001109,Ciproxin 250mg/5ml oral suspension,0501120L0BBAJBG
VMP,324579006,Nalidixic acid 300mg/5ml oral suspension,0501120N0AAAAAA
AMP,19681911000001107,Nalidixic acid 300mg/5ml oral suspension,0501120N0AAAAAA
AMP,26854011000001101,Nalidixic acid 300mg/5ml oral suspension,0501120N0AAAAAA
AMP,19172111000001106,Nalidixic acid 300mg/5ml oral suspension,0501120N0AAAAAA
VMP,324578003,Nalidixic acid 500mg tablets,0501120N0AAABAB
VMP,35445511000001100,Generic Mictral granules 7g sachets,0501120N0AAACAC
VMP,36028911000001108,Nalidixic acid 300mg/5ml oral suspension sugar free,0501120N0AAAFAF
AMP,3683611000001101,Negram 500mg tablets,0501120N0BBAAAB
AMP,4058911000001101,Negram 300mg/5ml oral suspension,0501120N0BBABAF
AMP,4059711000001107,Uriben 300mg/5ml oral suspension,0501120N0BCAAAA
AMP,3852811000001105,Mictral granules 7g sachets,0501120N0BDAAAC
VMP,324612003,Ofloxacin 200mg tablets,0501120P0AAAAAA
AMP,465511000001105,Ofloxacin 200mg tablets,0501120P0AAAAAA
AMP,527011000001106,Ofloxacin 200mg tablets,0501120P0AAAAAA
AMP,16062011000001100,Ofloxacin 200mg tablets,0501120P0AAAAAA
AMP,37463211000001108,Ofloxacin 200mg tablets,0501120P0AAAAAA
AMP,724511000001107,Ofloxacin 200mg tablets,0501120P0AAAAAA
AMP,30852711000001100,Ofloxacin 200mg tablets,0501120P0AAAAAA
AMP,39061711000001101,Ofloxacin 200mg tablets,0501120P0AAAAAA
AMP,7464011000001104,Ofloxacin 200mg tablets,0501120P0AAAAAA
AMP,319311000001109,Ofloxacin 200mg tablets,0501120P0AAAAAA
AMP,15112111000001109,Ofloxacin 200mg tablets,0501120P0AAAAAA
AMP,792611000001106,Ofloxacin 200mg tablets,0501120P0AAAAAA
AMP,4273411000001105,Ofloxacin 200mg tablets,0501120P0AAAAAA
AMP,21821611000001105,Ofloxacin 200mg tablets,0501120P0AAAAAA
VMP,324620001,Ofloxacin 400mg tablets,0501120P0AAABAB
AMP,238911000001100,Ofloxacin 400mg tablets,0501120P0AAABAB
AMP,412511000001103,Ofloxacin 400mg tablets,0501120P0AAABAB
AMP,16062211000001105,Ofloxacin 400mg tablets,0501120P0AAABAB
AMP,37463811000001109,Ofloxacin 400mg tablets,0501120P0AAABAB
AMP,787111000001102,Ofloxacin 400mg tablets,0501120P0AAABAB
AMP,30853111000001107,Ofloxacin 400mg tablets,0501120P0AAABAB
AMP,39061911000001104,Ofloxacin 400mg tablets,0501120P0AAABAB
AMP,7464911000001100,Ofloxacin 400mg tablets,0501120P0AAABAB
AMP,525111000001103,Ofloxacin 400mg tablets,0501120P0AAABAB
AMP,15112411000001104,Ofloxacin 400mg tablets,0501120P0AAABAB
AMP,339611000001109,Ofloxacin 400mg tablets,0501120P0AAABAB
AMP,4818111000001107,Ofloxacin 400mg tablets,0501120P0AAABAB
VMP,38752711000001101,Ofloxacin 200mg/100ml solution for infusion bottles,0501120P0AAACAC
VMP,12905211000001105,Ofloxacin 100mg/5ml oral solution,0501120P0AAADAD
VMP,12895811000001101,Ofloxacin 100mg/5ml oral suspension,0501120P0AAADAD
AMP,12897211000001105,Ofloxacin 100mg/5ml oral solution,0501120P0AAADAD
AMP,12896211000001108,Ofloxacin 100mg/5ml oral suspension,0501120P0AAADAD
VMP,12905311000001102,Ofloxacin 250mg/5ml oral solution,0501120P0AAAEAE
VMP,12905411000001109,Ofloxacin 250mg/5ml oral suspension,0501120P0AAAEAE
AMP,12898411000001108,Ofloxacin 250mg/5ml oral solution,0501120P0AAAEAE
AMP,12897811000001106,Ofloxacin 250mg/5ml oral suspension,0501120P0AAAEAE
AMP,362511000001106,Tarivid 200mg tablets,0501120P0BBAAAA
AMP,491611000001109,Tarivid 400mg tablets,0501120P0BBACAB
AMP,4415111000001109,Tarivid 200mg/100ml solution for infusion bottles,0501120P0BBADAC
VMP,324621002,Norfloxacin 400mg tablets,0501120Q0AAAAAA
AMP,822711000001105,Norfloxacin 400mg tablets,0501120Q0AAAAAA
AMP,254211000001102,Norfloxacin 400mg tablets,0501120Q0AAAAAA
AMP,511511000001102,Norfloxacin 400mg tablets,0501120Q0AAAAAA
AMP,739911000001102,Norfloxacin 400mg tablets,0501120Q0AAAAAA
AMP,17947511000001107,Norfloxacin 400mg tablets,0501120Q0AAAAAA
AMP,35549811000001106,Norfloxacin 400mg tablets,0501120Q0AAAAAA
AMP,18745111000001108,Norfloxacin 400mg tablets,0501120Q0AAAAAA
AMP,21816311000001102,Norfloxacin 400mg tablets,0501120Q0AAAAAA
AMP,866311000001103,Utinor 400mg tablets,0501120Q0BBAAAA
VMP,324634001,Levofloxacin 500mg tablets,0501120X0AAAAAA
AMP,19359911000001108,Levofloxacin 500mg tablets,0501120X0AAAAAA
AMP,21286011000001107,Levofloxacin 500mg tablets,0501120X0AAAAAA
AMP,19298011000001103,Levofloxacin 500mg tablets,0501120X0AAAAAA
AMP,19359211000001104,Levofloxacin 500mg tablets,0501120X0AAAAAA
AMP,24366511000001100,Levofloxacin 500mg tablets,0501120X0AAAAAA
AMP,19512011000001105,Levofloxacin 500mg tablets,0501120X0AAAAAA
AMP,39892211000001103,Levofloxacin 500mg tablets,0501120X0AAAAAA
AMP,29673511000001109,Levofloxacin 500mg tablets,0501120X0AAAAAA
AMP,30220211000001100,Levofloxacin 500mg tablets,0501120X0AAAAAA
AMP,39015311000001102,Levofloxacin 500mg tablets,0501120X0AAAAAA
AMP,29890211000001100,Levofloxacin 500mg tablets,0501120X0AAAAAA
AMP,19178911000001107,Levofloxacin 500mg tablets,0501120X0AAAAAA
AMP,19837511000001107,Levofloxacin 500mg tablets,0501120X0AAAAAA
AMP,22070611000001101,Levofloxacin 500mg tablets,0501120X0AAAAAA
VMP,39697411000001109,Levofloxacin 250mg tablets,0501120X0AAABAB
AMP,19359511000001101,Levofloxacin 250mg tablets,0501120X0AAABAB
AMP,21285711000001101,Levofloxacin 250mg tablets,0501120X0AAABAB
AMP,19296611000001109,Levofloxacin 250mg tablets,0501120X0AAABAB
AMP,19358511000001107,Levofloxacin 250mg tablets,0501120X0AAABAB
AMP,24366211000001103,Levofloxacin 250mg tablets,0501120X0AAABAB
AMP,19511711000001100,Levofloxacin 250mg tablets,0501120X0AAABAB
AMP,39891911000001101,Levofloxacin 250mg tablets,0501120X0AAABAB
AMP,29673211000001106,Levofloxacin 250mg tablets,0501120X0AAABAB
AMP,37098711000001101,Levofloxacin 250mg tablets,0501120X0AAABAB
AMP,40324511000001100,Levofloxacin 250mg tablets,0501120X0AAABAB
AMP,29889711000001104,Levofloxacin 250mg tablets,0501120X0AAABAB
AMP,19178611000001101,Levofloxacin 250mg tablets,0501120X0AAABAB
AMP,19837211000001109,Levofloxacin 250mg tablets,0501120X0AAABAB
AMP,22070311000001106,Levofloxacin 250mg tablets,0501120X0AAABAB
VMP,36038911000001106,Levofloxacin 500mg/100ml solution for infusion vials,0501120X0AAACAC
AMP,19359011000001109,Levofloxacin 500mg/100ml solution for infusion vials,0501120X0AAACAC
AMP,34754611000001101,Levofloxacin 500mg/100ml solution for infusion vials,0501120X0AAACAC
VMP,19448711000001105,Levofloxacin 500mg/100ml infusion bags,0501120X0AAADAD
AMP,19447411000001103,Levofloxacin 500mg/100ml infusion bags,0501120X0AAADAD
AMP,19447611000001100,Levofloxacin 500mg/100ml infusion bags,0501120X0AAADAD
AMP,38236111000001105,Levofloxacin 500mg/100ml infusion bags,0501120X0AAADAD
AMP,35831811000001105,Levofloxacin 500mg/100ml infusion bags,0501120X0AAADAD
AMP,21660611000001102,Levofloxacin 500mg/100ml infusion bags,0501120X0AAADAD
VMP,23108311000001101,Levofloxacin 500mg/100ml solution for infusion bottles,0501120X0AAAEAE
AMP,24416711000001100,Levofloxacin 500mg/100ml solution for infusion bottles,0501120X0AAAEAE
AMP,38745711000001107,Levofloxacin 500mg/100ml solution for infusion bottles,0501120X0AAAEAE
AMP,36571111000001100,Levofloxacin 500mg/100ml solution for infusion bottles,0501120X0AAAEAE
AMP,22985411000001109,Levofloxacin 500mg/100ml solution for infusion bottles,0501120X0AAAEAE
AMP,34611911000001109,Levofloxacin 500mg/100ml solution for infusion bottles,0501120X0AAAEAE
VMP,32522511000001104,Levofloxacin 100mg/ml nebuliser liquid ampoules,0501120X0AAAFAF
AMP,3078311000001102,Tavanic 500mg tablets,0501120X0BBAAAA
AMP,3077511000001109,Tavanic 250mg tablets,0501120X0BBABAB
AMP,4602911000001104,Tavanic 500mg/100ml solution for infusion vials,0501120X0BBACAC
AMP,19374111000001107,Evoxil 250mg tablets,0501120X0BCAAAB
AMP,19374511000001103,Evoxil 500mg/100ml solution for infusion vials,0501120X0BCABAC
AMP,28922411000001103,Evoxil 500mg tablets,0501120X0BCACAA
AMP,32507311000001103,Quinsair 240mg nebuliser solution ampoules,0501120X0BDAAAF
VMP,408015000,Moxifloxacin 400mg tablets,0501120Y0AAAAAA
AMP,24919311000001109,Moxifloxacin 400mg tablets,0501120Y0AAAAAA
AMP,24683911000001108,Moxifloxacin 400mg tablets,0501120Y0AAAAAA
AMP,24775911000001105,Moxifloxacin 400mg tablets,0501120Y0AAAAAA
AMP,38618511000001108,Moxifloxacin 400mg tablets,0501120Y0AAAAAA
AMP,37453311000001107,Moxifloxacin 400mg tablets,0501120Y0AAAAAA
AMP,30834211000001104,Moxifloxacin 400mg tablets,0501120Y0AAAAAA
AMP,39049711000001105,Moxifloxacin 400mg tablets,0501120Y0AAAAAA
AMP,28697411000001107,Moxifloxacin 400mg tablets,0501120Y0AAAAAA
AMP,29927511000001104,Moxifloxacin 400mg tablets,0501120Y0AAAAAA
AMP,24673211000001107,Moxifloxacin 400mg tablets,0501120Y0AAAAAA
AMP,39489811000001102,Moxifloxacin 400mg tablets,0501120Y0AAAAAA
VMP,16756911000001108,Moxifloxacin 400mg/250ml solution for infusion bottles,0501120Y0AAABAB
AMP,25876211000001100,Moxifloxacin 400mg/250ml solution for infusion bottles,0501120Y0AAABAB
AMP,36571311000001103,Moxifloxacin 400mg/250ml solution for infusion bottles,0501120Y0AAABAB
AMP,36881911000001109,Moxifloxacin 400mg/250ml solution for infusion bottles,0501120Y0AAABAB
VMP,36028511000001101,Moxifloxacin 400mg/250ml infusion bags,0501120Y0AAACAC
VMP,36003311000001109,Moxifloxacin 400mg/5ml oral solution,0501120Y0AAADAD
AMP,35992311000001106,Moxifloxacin 400mg/5ml oral solution,0501120Y0AAADAD
AMP,4360711000001109,Avelox 400mg tablets,0501120Y0BBAAAA
AMP,16751911000001103,Avelox 400mg/250ml solution for infusion bottles,0501120Y0BBABAB
AMP,10496311000001104,Avelox I.V. 400mg/250ml infusion bags,0501120Y0BBACAC
