"dmd_type","dmd_id","dmd_name","BNF","type"
"AMP",29011000001102,"AMICLAV 250MG/125MG TABLETS","0501013K0BCAAAA","Amoxicillin"
"AMP",932211000001108,"AUGMENTIN 125/31 SF ORAL SUSPENSION","0501013K0BBAJAD","Co-amoxiclav"
"AMP",866111000001100,"AUGMENTIN 250/62 SF ORAL SUSPENSION","0501013K0BBAKAG","Co-amoxiclav"
"AMP",386811000001108,"AUGMENTIN 375MG DISPERSIBLE TABLETS","0501013K0BBABAB","Co-amoxiclav"
"AMP",94411000001100,"AUGMENTIN 375MG TABLETS","0501013K0BBAAAA","Co-amoxiclav"
"AMP",292511000001103,"AUGMENTIN 625MG TABLETS","0501013K0BBALAJ","Co-amoxiclav"
"AMP",871511000001109,"AUGMENTIN INTRAVENOUS 1.2G POWDER FOR SOLUTION FOR INJECTION VIALS","0501013K0BBAHAF","Co-amoxiclav"
"AMP",549911000001100,"AUGMENTIN INTRAVENOUS 600MG POWDER FOR SOLUTION FOR INJECTION VIALS","0501013K0BBACAE","Co-amoxiclav"
"AMP",169511000001107,"AUGMENTIN-DUO 400/57 ORAL SUSPENSION","0501013K0BBAMAK","Co-amoxiclav"
"VMP",323568005,"CO-AMOXICLAV 1000MG/200MG POWDER FOR SOLUTION FOR INJECTION VIALS","0501013K0AAAFAF","Co-amoxiclav"
"AMP",5489611000001108,"CO-AMOXICLAV 1000MG/200MG POWDER FOR SOLUTION FOR INJECTION VIALS","0501013K0AAAFAF","Co-amoxiclav"
"AMP",10219211000001100,"CO-AMOXICLAV 1000MG/200MG POWDER FOR SOLUTION FOR INJECTION VIALS","0501013K0AAAFAF","Co-amoxiclav"
"AMP",10531011000001108,"CO-AMOXICLAV 1000MG/200MG POWDER FOR SOLUTION FOR INJECTION VIALS","0501013K0AAAFAF","Co-amoxiclav"
"AMP",19570811000001108,"CO-AMOXICLAV 1000MG/200MG POWDER FOR SOLUTION FOR INJECTION VIALS","0501013K0AAAFAF","Co-amoxiclav"
"AMP",30347811000001104,"CO-AMOXICLAV 1000MG/200MG POWDER FOR SOLUTION FOR INJECTION VIALS","0501013K0AAAFAF","Co-amoxiclav"
"AMP",34752411000001104,"CO-AMOXICLAV 1000MG/200MG POWDER FOR SOLUTION FOR INJECTION VIALS","0501013K0AAAFAF","Co-amoxiclav"
"AMP",36626911000001104,"CO-AMOXICLAV 1000MG/200MG POWDER FOR SOLUTION FOR INJECTION VIALS","0501013K0AAAFAF","Co-amoxiclav"
"AMP",37830211000001104,"CO-AMOXICLAV 1000MG/200MG POWDER FOR SOLUTION FOR INJECTION VIALS","0501013K0AAAFAF","Co-amoxiclav"
"VMP",7322211000001104,"CO-AMOXICLAV 125MG/31MG/5ML ORAL SUSPENSION","0501013K0AAAHAH","Co-amoxiclav"
"AMP",7320111000001106,"CO-AMOXICLAV 125MG/31MG/5ML ORAL SUSPENSION","0501013K0AAAHAH","Co-amoxiclav"
"AMP",13613111000001106,"CO-AMOXICLAV 125MG/31MG/5ML ORAL SUSPENSION","0501013K0AAAHAH","Co-amoxiclav"
"AMP",22008011000001104,"CO-AMOXICLAV 125MG/31MG/5ML ORAL SUSPENSION","0501013K0AAAHAH","Co-amoxiclav"
"AMP",23939811000001104,"CO-AMOXICLAV 125MG/31MG/5ML ORAL SUSPENSION","0501013K0AAAHAH","Co-amoxiclav"
"AMP",24026411000001104,"CO-AMOXICLAV 125MG/31MG/5ML ORAL SUSPENSION","0501013K0AAAHAH","Co-amoxiclav"
"AMP",24520711000001100,"CO-AMOXICLAV 125MG/31MG/5ML ORAL SUSPENSION","0501013K0AAAHAH","Co-amoxiclav"
"AMP",28123611000001108,"CO-AMOXICLAV 125MG/31MG/5ML ORAL SUSPENSION","0501013K0AAAHAH","Co-amoxiclav"
"AMP",29794511000001108,"CO-AMOXICLAV 125MG/31MG/5ML ORAL SUSPENSION","0501013K0AAAHAH","Co-amoxiclav"
"AMP",31989511000001108,"CO-AMOXICLAV 125MG/31MG/5ML ORAL SUSPENSION","0501013K0AAAHAH","Co-amoxiclav"
"AMP",38848811000001104,"CO-AMOXICLAV 125MG/31MG/5ML ORAL SUSPENSION","0501013K0AAAHAH","Co-amoxiclav"
"VMP",36565811000001104,"CO-AMOXICLAV 125MG/31MG/5ML ORAL SUSPENSION SUGAR FREE","0501013K0AAADAD","Co-amoxiclav"
"AMP",829311000001103,"CO-AMOXICLAV 125MG/31MG/5ML ORAL SUSPENSION SUGAR FREE","0501013K0AAADAD","Co-amoxiclav"
"AMP",894611000001101,"CO-AMOXICLAV 125MG/31MG/5ML ORAL SUSPENSION SUGAR FREE","0501013K0AAADAD","Co-amoxiclav"
"AMP",575411000001109,"CO-AMOXICLAV 125MG/31MG/5ML ORAL SUSPENSION SUGAR FREE","0501013K0AAADAD","Co-amoxiclav"
"AMP",276811000001106,"CO-AMOXICLAV 125MG/31MG/5ML ORAL SUSPENSION SUGAR FREE","0501013K0AAADAD","Co-amoxiclav"
"AMP",193411000001109,"CO-AMOXICLAV 125MG/31MG/5ML ORAL SUSPENSION SUGAR FREE","0501013K0AAADAD","Co-amoxiclav"
"AMP",370711000001105,"CO-AMOXICLAV 125MG/31MG/5ML ORAL SUSPENSION SUGAR FREE","0501013K0AAADAD","Co-amoxiclav"
"AMP",4817111000001106,"CO-AMOXICLAV 125MG/31MG/5ML ORAL SUSPENSION SUGAR FREE","0501013K0AAADAD","Co-amoxiclav"
"AMP",6032711000001109,"CO-AMOXICLAV 125MG/31MG/5ML ORAL SUSPENSION SUGAR FREE","0501013K0AAADAD","Co-amoxiclav"
"AMP",9787711000001108,"CO-AMOXICLAV 125MG/31MG/5ML ORAL SUSPENSION SUGAR FREE","0501013K0AAADAD","Co-amoxiclav"
"AMP",15515811000001104,"CO-AMOXICLAV 125MG/31MG/5ML ORAL SUSPENSION SUGAR FREE","0501013K0AAADAD","Co-amoxiclav"
"AMP",17885411000001100,"CO-AMOXICLAV 125MG/31MG/5ML ORAL SUSPENSION SUGAR FREE","0501013K0AAADAD","Co-amoxiclav"
"AMP",22007211000001104,"CO-AMOXICLAV 125MG/31MG/5ML ORAL SUSPENSION SUGAR FREE","0501013K0AAADAD","Co-amoxiclav"
"AMP",22602311000001108,"CO-AMOXICLAV 125MG/31MG/5ML ORAL SUSPENSION SUGAR FREE","0501013K0AAADAD","Co-amoxiclav"
"AMP",38850811000001104,"CO-AMOXICLAV 125MG/31MG/5ML ORAL SUSPENSION SUGAR FREE","0501013K0AAADAD","Co-amoxiclav"
"VMP",39021311000001112,"CO-AMOXICLAV 250MG/125MG DISPERSIBLE TABLETS SUGAR FREE","0501013K0AAABAB","Co-amoxiclav"
"VMP",39732111000001104,"CO-AMOXICLAV 250MG/125MG TABLETS","0501013K0AAAAAA","Co-amoxiclav"
"AMP",38111000001106,"CO-AMOXICLAV 250MG/125MG TABLETS","0501013K0AAAAAA","Co-amoxiclav"
"AMP",382811000001107,"CO-AMOXICLAV 250MG/125MG TABLETS","0501013K0AAAAAA","Co-amoxiclav"
"AMP",771411000001107,"CO-AMOXICLAV 250MG/125MG TABLETS","0501013K0AAAAAA","Co-amoxiclav"
"AMP",441311000001108,"CO-AMOXICLAV 250MG/125MG TABLETS","0501013K0AAAAAA","Co-amoxiclav"
"AMP",760411000001105,"CO-AMOXICLAV 250MG/125MG TABLETS","0501013K0AAAAAA","Co-amoxiclav"
"AMP",12511000001105,"CO-AMOXICLAV 250MG/125MG TABLETS","0501013K0AAAAAA","Co-amoxiclav"
"AMP",882211000001108,"CO-AMOXICLAV 250MG/125MG TABLETS","0501013K0AAAAAA","Co-amoxiclav"
"AMP",91211000001101,"CO-AMOXICLAV 250MG/125MG TABLETS","0501013K0AAAAAA","Co-amoxiclav"
"AMP",380711000001103,"CO-AMOXICLAV 250MG/125MG TABLETS","0501013K0AAAAAA","Co-amoxiclav"
"AMP",101911000001100,"CO-AMOXICLAV 250MG/125MG TABLETS","0501013K0AAAAAA","Co-amoxiclav"
"AMP",9786711000001108,"CO-AMOXICLAV 250MG/125MG TABLETS","0501013K0AAAAAA","Co-amoxiclav"
"AMP",10397411000001104,"CO-AMOXICLAV 250MG/125MG TABLETS","0501013K0AAAAAA","Co-amoxiclav"
"AMP",17885811000001104,"CO-AMOXICLAV 250MG/125MG TABLETS","0501013K0AAAAAA","Co-amoxiclav"
"AMP",19833711000001108,"CO-AMOXICLAV 250MG/125MG TABLETS","0501013K0AAAAAA","Co-amoxiclav"
"AMP",22009111000001104,"CO-AMOXICLAV 250MG/125MG TABLETS","0501013K0AAAAAA","Co-amoxiclav"
"AMP",23827411000001108,"CO-AMOXICLAV 250MG/125MG TABLETS","0501013K0AAAAAA","Co-amoxiclav"
"AMP",29794911000001104,"CO-AMOXICLAV 250MG/125MG TABLETS","0501013K0AAAAAA","Co-amoxiclav"
"AMP",30016311000001104,"CO-AMOXICLAV 250MG/125MG TABLETS","0501013K0AAAAAA","Co-amoxiclav"
"AMP",32397711000001104,"CO-AMOXICLAV 250MG/125MG TABLETS","0501013K0AAAAAA","Co-amoxiclav"
"AMP",34962611000001108,"CO-AMOXICLAV 250MG/125MG TABLETS","0501013K0AAAAAA","Co-amoxiclav"
"AMP",35563511000001104,"CO-AMOXICLAV 250MG/125MG TABLETS","0501013K0AAAAAA","Co-amoxiclav"
"AMP",35907111000001108,"CO-AMOXICLAV 250MG/125MG TABLETS","0501013K0AAAAAA","Co-amoxiclav"
"AMP",36868011000001104,"CO-AMOXICLAV 250MG/125MG TABLETS","0501013K0AAAAAA","Co-amoxiclav"
"AMP",38848311000001104,"CO-AMOXICLAV 250MG/125MG TABLETS","0501013K0AAAAAA","Co-amoxiclav"
"VMP",7322311000001107,"CO-AMOXICLAV 250MG/62MG/5ML ORAL SUSPENSION","0501013K0AAAIAI","Co-amoxiclav"
"AMP",7320411000001101,"CO-AMOXICLAV 250MG/62MG/5ML ORAL SUSPENSION","0501013K0AAAIAI","Co-amoxiclav"
"AMP",11528611000001104,"CO-AMOXICLAV 250MG/62MG/5ML ORAL SUSPENSION","0501013K0AAAIAI","Co-amoxiclav"
"AMP",22008411000001108,"CO-AMOXICLAV 250MG/62MG/5ML ORAL SUSPENSION","0501013K0AAAIAI","Co-amoxiclav"
"AMP",23940311000001108,"CO-AMOXICLAV 250MG/62MG/5ML ORAL SUSPENSION","0501013K0AAAIAI","Co-amoxiclav"
"AMP",24026611000001108,"CO-AMOXICLAV 250MG/62MG/5ML ORAL SUSPENSION","0501013K0AAAIAI","Co-amoxiclav"
"AMP",24520911000001104,"CO-AMOXICLAV 250MG/62MG/5ML ORAL SUSPENSION","0501013K0AAAIAI","Co-amoxiclav"
"AMP",28123911000001104,"CO-AMOXICLAV 250MG/62MG/5ML ORAL SUSPENSION","0501013K0AAAIAI","Co-amoxiclav"
"AMP",29794711000001104,"CO-AMOXICLAV 250MG/62MG/5ML ORAL SUSPENSION","0501013K0AAAIAI","Co-amoxiclav"
"AMP",31989811000001108,"CO-AMOXICLAV 250MG/62MG/5ML ORAL SUSPENSION","0501013K0AAAIAI","Co-amoxiclav"
"AMP",38849111000001104,"CO-AMOXICLAV 250MG/62MG/5ML ORAL SUSPENSION","0501013K0AAAIAI","Co-amoxiclav"
"VMP",37083611000001104,"CO-AMOXICLAV 250MG/62MG/5ML ORAL SUSPENSION SUGAR FREE","0501013K0AAAGAG","Co-amoxiclav"
"AMP",732211000001103,"CO-AMOXICLAV 250MG/62MG/5ML ORAL SUSPENSION SUGAR FREE","0501013K0AAAGAG","Co-amoxiclav"
"AMP",931011000001106,"CO-AMOXICLAV 250MG/62MG/5ML ORAL SUSPENSION SUGAR FREE","0501013K0AAAGAG","Co-amoxiclav"
"AMP",353811000001107,"CO-AMOXICLAV 250MG/62MG/5ML ORAL SUSPENSION SUGAR FREE","0501013K0AAAGAG","Co-amoxiclav"
"AMP",526211000001103,"CO-AMOXICLAV 250MG/62MG/5ML ORAL SUSPENSION SUGAR FREE","0501013K0AAAGAG","Co-amoxiclav"
"AMP",22211000001104,"CO-AMOXICLAV 250MG/62MG/5ML ORAL SUSPENSION SUGAR FREE","0501013K0AAAGAG","Co-amoxiclav"
"AMP",394111000001107,"CO-AMOXICLAV 250MG/62MG/5ML ORAL SUSPENSION SUGAR FREE","0501013K0AAAGAG","Co-amoxiclav"
"AMP",3964011000001108,"CO-AMOXICLAV 250MG/62MG/5ML ORAL SUSPENSION SUGAR FREE","0501013K0AAAGAG","Co-amoxiclav"
"AMP",4817311000001108,"CO-AMOXICLAV 250MG/62MG/5ML ORAL SUSPENSION SUGAR FREE","0501013K0AAAGAG","Co-amoxiclav"
"AMP",6034811000001107,"CO-AMOXICLAV 250MG/62MG/5ML ORAL SUSPENSION SUGAR FREE","0501013K0AAAGAG","Co-amoxiclav"
"AMP",9787911000001108,"CO-AMOXICLAV 250MG/62MG/5ML ORAL SUSPENSION SUGAR FREE","0501013K0AAAGAG","Co-amoxiclav"
"AMP",15516011000001100,"CO-AMOXICLAV 250MG/62MG/5ML ORAL SUSPENSION SUGAR FREE","0501013K0AAAGAG","Co-amoxiclav"
"AMP",17885611000001104,"CO-AMOXICLAV 250MG/62MG/5ML ORAL SUSPENSION SUGAR FREE","0501013K0AAAGAG","Co-amoxiclav"
"AMP",22007711000001104,"CO-AMOXICLAV 250MG/62MG/5ML ORAL SUSPENSION SUGAR FREE","0501013K0AAAGAG","Co-amoxiclav"
"AMP",22602511000001104,"CO-AMOXICLAV 250MG/62MG/5ML ORAL SUSPENSION SUGAR FREE","0501013K0AAAGAG","Co-amoxiclav"
"AMP",30016111000001108,"CO-AMOXICLAV 250MG/62MG/5ML ORAL SUSPENSION SUGAR FREE","0501013K0AAAGAG","Co-amoxiclav"
"AMP",36492911000001104,"CO-AMOXICLAV 250MG/62MG/5ML ORAL SUSPENSION SUGAR FREE","0501013K0AAAGAG","Co-amoxiclav"
"AMP",38848111000001104,"CO-AMOXICLAV 250MG/62MG/5ML ORAL SUSPENSION SUGAR FREE","0501013K0AAAGAG","Co-amoxiclav"
"VMP",37083711000001104,"CO-AMOXICLAV 400MG/57MG/5ML ORAL SUSPENSION SUGAR FREE","0501013K0AAAKAK","Co-amoxiclav"
"AMP",11252711000001104,"CO-AMOXICLAV 400MG/57MG/5ML ORAL SUSPENSION SUGAR FREE","0501013K0AAAKAK","Co-amoxiclav"
"AMP",15077811000001102,"CO-AMOXICLAV 400MG/57MG/5ML ORAL SUSPENSION SUGAR FREE","0501013K0AAAKAK","Co-amoxiclav"
"AMP",19728111000001104,"CO-AMOXICLAV 400MG/57MG/5ML ORAL SUSPENSION SUGAR FREE","0501013K0AAAKAK","Co-amoxiclav"
"AMP",19876911000001100,"CO-AMOXICLAV 400MG/57MG/5ML ORAL SUSPENSION SUGAR FREE","0501013K0AAAKAK","Co-amoxiclav"
"AMP",22036711000001104,"CO-AMOXICLAV 400MG/57MG/5ML ORAL SUSPENSION SUGAR FREE","0501013K0AAAKAK","Co-amoxiclav"
"AMP",23651411000001108,"CO-AMOXICLAV 400MG/57MG/5ML ORAL SUSPENSION SUGAR FREE","0501013K0AAAKAK","Co-amoxiclav"
"AMP",30043911000001108,"CO-AMOXICLAV 400MG/57MG/5ML ORAL SUSPENSION SUGAR FREE","0501013K0AAAKAK","Co-amoxiclav"
"AMP",32399111000001104,"CO-AMOXICLAV 400MG/57MG/5ML ORAL SUSPENSION SUGAR FREE","0501013K0AAAKAK","Co-amoxiclav"
"AMP",32403711000001100,"CO-AMOXICLAV 400MG/57MG/5ML ORAL SUSPENSION SUGAR FREE","0501013K0AAAKAK","Co-amoxiclav"
"AMP",38850411000001104,"CO-AMOXICLAV 400MG/57MG/5ML ORAL SUSPENSION SUGAR FREE","0501013K0AAAKAK","Co-amoxiclav"
"VMP",323567000,"CO-AMOXICLAV 500MG/100MG POWDER FOR SOLUTION FOR INJECTION VIALS","0501013K0AAAEAE","Co-amoxiclav"
"AMP",5488611000001104,"CO-AMOXICLAV 500MG/100MG POWDER FOR SOLUTION FOR INJECTION VIALS","0501013K0AAAEAE","Co-amoxiclav"
"AMP",10219611000001104,"CO-AMOXICLAV 500MG/100MG POWDER FOR SOLUTION FOR INJECTION VIALS","0501013K0AAAEAE","Co-amoxiclav"
"AMP",10530611000001104,"CO-AMOXICLAV 500MG/100MG POWDER FOR SOLUTION FOR INJECTION VIALS","0501013K0AAAEAE","Co-amoxiclav"
"AMP",18757611000001104,"CO-AMOXICLAV 500MG/100MG POWDER FOR SOLUTION FOR INJECTION VIALS","0501013K0AAAEAE","Co-amoxiclav"
"AMP",34752211000001108,"CO-AMOXICLAV 500MG/100MG POWDER FOR SOLUTION FOR INJECTION VIALS","0501013K0AAAEAE","Co-amoxiclav"
"AMP",36626111000001104,"CO-AMOXICLAV 500MG/100MG POWDER FOR SOLUTION FOR INJECTION VIALS","0501013K0AAAEAE","Co-amoxiclav"
"VMP",39732211000001104,"CO-AMOXICLAV 500MG/125MG TABLETS","0501013K0AAAJAJ","Co-amoxiclav"
"AMP",290311000001105,"CO-AMOXICLAV 500MG/125MG TABLETS","0501013K0AAAJAJ","Co-amoxiclav"
"AMP",934111000001105,"CO-AMOXICLAV 500MG/125MG TABLETS","0501013K0AAAJAJ","Co-amoxiclav"
"AMP",351311000001104,"CO-AMOXICLAV 500MG/125MG TABLETS","0501013K0AAAJAJ","Co-amoxiclav"
"AMP",785111000001106,"CO-AMOXICLAV 500MG/125MG TABLETS","0501013K0AAAJAJ","Co-amoxiclav"
"AMP",628011000001104,"CO-AMOXICLAV 500MG/125MG TABLETS","0501013K0AAAJAJ","Co-amoxiclav"
"AMP",680711000001105,"CO-AMOXICLAV 500MG/125MG TABLETS","0501013K0AAAJAJ","Co-amoxiclav"
"AMP",3964511000001100,"CO-AMOXICLAV 500MG/125MG TABLETS","0501013K0AAAJAJ","Co-amoxiclav"
"AMP",5629811000001102,"CO-AMOXICLAV 500MG/125MG TABLETS","0501013K0AAAJAJ","Co-amoxiclav"
"AMP",6036511000001103,"CO-AMOXICLAV 500MG/125MG TABLETS","0501013K0AAAJAJ","Co-amoxiclav"
"AMP",10397711000001104,"CO-AMOXICLAV 500MG/125MG TABLETS","0501013K0AAAJAJ","Co-amoxiclav"
"AMP",17668811000001104,"CO-AMOXICLAV 500MG/125MG TABLETS","0501013K0AAAJAJ","Co-amoxiclav"
"AMP",17886011000001100,"CO-AMOXICLAV 500MG/125MG TABLETS","0501013K0AAAJAJ","Co-amoxiclav"
"AMP",19199611000001104,"CO-AMOXICLAV 500MG/125MG TABLETS","0501013K0AAAJAJ","Co-amoxiclav"
"AMP",19728511000001108,"CO-AMOXICLAV 500MG/125MG TABLETS","0501013K0AAAJAJ","Co-amoxiclav"
"AMP",19833911000001108,"CO-AMOXICLAV 500MG/125MG TABLETS","0501013K0AAAJAJ","Co-amoxiclav"
"AMP",22009611000001104,"CO-AMOXICLAV 500MG/125MG TABLETS","0501013K0AAAJAJ","Co-amoxiclav"
"AMP",23828211000001108,"CO-AMOXICLAV 500MG/125MG TABLETS","0501013K0AAAJAJ","Co-amoxiclav"
"AMP",27959011000001104,"CO-AMOXICLAV 500MG/125MG TABLETS","0501013K0AAAJAJ","Co-amoxiclav"
"AMP",29795111000001100,"CO-AMOXICLAV 500MG/125MG TABLETS","0501013K0AAAJAJ","Co-amoxiclav"
"AMP",32399711000001108,"CO-AMOXICLAV 500MG/125MG TABLETS","0501013K0AAAJAJ","Co-amoxiclav"
"AMP",34679211000001108,"CO-AMOXICLAV 500MG/125MG TABLETS","0501013K0AAAJAJ","Co-amoxiclav"
"AMP",34962811000001108,"CO-AMOXICLAV 500MG/125MG TABLETS","0501013K0AAAJAJ","Co-amoxiclav"
"AMP",35563911000001104,"CO-AMOXICLAV 500MG/125MG TABLETS","0501013K0AAAJAJ","Co-amoxiclav"
"AMP",35907311000001104,"CO-AMOXICLAV 500MG/125MG TABLETS","0501013K0AAAJAJ","Co-amoxiclav"
"AMP",36695911000001104,"CO-AMOXICLAV 500MG/125MG TABLETS","0501013K0AAAJAJ","Co-amoxiclav"
"AMP",36870911000001104,"CO-AMOXICLAV 500MG/125MG TABLETS","0501013K0AAAJAJ","Co-amoxiclav"
"AMP",38848511000001104,"CO-AMOXICLAV 500MG/125MG TABLETS","0501013K0AAAJAJ","Co-amoxiclav"
"VMP",39732511000001104,"CO-AMOXICLAV 875MG/125MG TABLETS","0501013K0AAANAN","Co-amoxiclav"
"AMP",27959911000001108,"CO-AMOXICLAV 875MG/125MG TABLETS","0501013K0AAANAN","Co-amoxiclav"
"AMP",28039411000001100,"CO-AMOXICLAV 875MG/125MG TABLETS","0501013K0AAANAN","Co-amoxiclav"
"AMP",28873411000001104,"CO-AMOXICLAV 875MG/125MG TABLETS","0501013K0AAANAN","Co-amoxiclav"
"AMP",29795311000001104,"CO-AMOXICLAV 875MG/125MG TABLETS","0501013K0AAANAN","Co-amoxiclav"
"AMP",30016511000001100,"CO-AMOXICLAV 875MG/125MG TABLETS","0501013K0AAANAN","Co-amoxiclav"
"AMP",32400011000001108,"CO-AMOXICLAV 875MG/125MG TABLETS","0501013K0AAANAN","Co-amoxiclav"
"AMP",618111000001108,"RANCLAV 125MG/31MG/5ML SF ORAL SUSPENSION","0501013K0BDADAD","Amoxicillin"
"AMP",451111000001109,"RANCLAV 250MG/62MG/5ML SF ORAL SUSPENSION","0501013K0BDACAG","Amoxicillin"
"AMP",139811000001101,"RANCLAV 375MG TABLETS","0501013K0BDAAAA","Amoxicillin"
"AMP",57911000001109,"RANCLAV 625MG TABLETS","0501013K0BDABAJ","Amoxicillin"
"AMP",869711000001109,"BACTICLOR MR 375MG TABLETS","0501021A0BEAAAG","Cefaclor"
"VMP",323792004,"CEFACLOR 125MG/5ML ORAL SUSPENSION","0501021A0AAABAB","Cefaclor"
"AMP",612411000001100,"CEFACLOR 125MG/5ML ORAL SUSPENSION","0501021A0AAABAB","Cefaclor"
"AMP",890411000001105,"CEFACLOR 125MG/5ML ORAL SUSPENSION","0501021A0AAABAB","Cefaclor"
"AMP",171911000001109,"CEFACLOR 125MG/5ML ORAL SUSPENSION","0501021A0AAABAB","Cefaclor"
"AMP",4113911000001107,"CEFACLOR 125MG/5ML ORAL SUSPENSION","0501021A0AAABAB","Cefaclor"
"AMP",10348111000001104,"CEFACLOR 125MG/5ML ORAL SUSPENSION","0501021A0AAABAB","Cefaclor"
"AMP",18085911000001104,"CEFACLOR 125MG/5ML ORAL SUSPENSION","0501021A0AAABAB","Cefaclor"
"AMP",25833611000001104,"CEFACLOR 125MG/5ML ORAL SUSPENSION","0501021A0AAABAB","Cefaclor"
"AMP",30008911000001108,"CEFACLOR 125MG/5ML ORAL SUSPENSION","0501021A0AAABAB","Cefaclor"
"AMP",31564011000001108,"CEFACLOR 125MG/5ML ORAL SUSPENSION","0501021A0AAABAB","Cefaclor"
"AMP",32201411000001108,"CEFACLOR 125MG/5ML ORAL SUSPENSION","0501021A0AAABAB","Cefaclor"
"VMP",36134011000001104,"CEFACLOR 125MG/5ML ORAL SUSPENSION SUGAR FREE","0501021A0AAAJAJ","Cefaclor"
"AMP",37011000001109,"CEFACLOR 125MG/5ML ORAL SUSPENSION SUGAR FREE","0501021A0AAAJAJ","Cefaclor"
"AMP",576111000001105,"CEFACLOR 125MG/5ML ORAL SUSPENSION SUGAR FREE","0501021A0AAAJAJ","Cefaclor"
"AMP",141511000001101,"CEFACLOR 125MG/5ML ORAL SUSPENSION SUGAR FREE","0501021A0AAAJAJ","Cefaclor"
"AMP",10309911000001104,"CEFACLOR 125MG/5ML ORAL SUSPENSION SUGAR FREE","0501021A0AAAJAJ","Cefaclor"
"AMP",17867211000001104,"CEFACLOR 125MG/5ML ORAL SUSPENSION SUGAR FREE","0501021A0AAAJAJ","Cefaclor"
"VMP",39735011000001104,"CEFACLOR 250MG CAPSULES","0501021A0AAAAAA","Cefaclor"
"AMP",275011000001109,"CEFACLOR 250MG CAPSULES","0501021A0AAAAAA","Cefaclor"
"AMP",270911000001104,"CEFACLOR 250MG CAPSULES","0501021A0AAAAAA","Cefaclor"
"AMP",636511000001108,"CEFACLOR 250MG CAPSULES","0501021A0AAAAAA","Cefaclor"
"AMP",233911000001105,"CEFACLOR 250MG CAPSULES","0501021A0AAAAAA","Cefaclor"
"AMP",813911000001109,"CEFACLOR 250MG CAPSULES","0501021A0AAAAAA","Cefaclor"
"AMP",10290911000001100,"CEFACLOR 250MG CAPSULES","0501021A0AAAAAA","Cefaclor"
"AMP",17826511000001100,"CEFACLOR 250MG CAPSULES","0501021A0AAAAAA","Cefaclor"
"VMP",323793009,"CEFACLOR 250MG/5ML ORAL SUSPENSION","0501021A0AAACAC","Cefaclor"
"AMP",647311000001100,"CEFACLOR 250MG/5ML ORAL SUSPENSION","0501021A0AAACAC","Cefaclor"
"AMP",5311000001107,"CEFACLOR 250MG/5ML ORAL SUSPENSION","0501021A0AAACAC","Cefaclor"
"AMP",400511000001101,"CEFACLOR 250MG/5ML ORAL SUSPENSION","0501021A0AAACAC","Cefaclor"
"AMP",4114111000001106,"CEFACLOR 250MG/5ML ORAL SUSPENSION","0501021A0AAACAC","Cefaclor"
"AMP",8825311000001105,"CEFACLOR 250MG/5ML ORAL SUSPENSION","0501021A0AAACAC","Cefaclor"
"AMP",18086111000001108,"CEFACLOR 250MG/5ML ORAL SUSPENSION","0501021A0AAACAC","Cefaclor"
"AMP",25834011000001104,"CEFACLOR 250MG/5ML ORAL SUSPENSION","0501021A0AAACAC","Cefaclor"
"AMP",31564611000001104,"CEFACLOR 250MG/5ML ORAL SUSPENSION","0501021A0AAACAC","Cefaclor"
"AMP",32201711000001104,"CEFACLOR 250MG/5ML ORAL SUSPENSION","0501021A0AAACAC","Cefaclor"
"VMP",36134111000001104,"CEFACLOR 250MG/5ML ORAL SUSPENSION SUGAR FREE","0501021A0AAAKAK","Cefaclor"
"AMP",745411000001106,"CEFACLOR 250MG/5ML ORAL SUSPENSION SUGAR FREE","0501021A0AAAKAK","Cefaclor"
"AMP",248911000001101,"CEFACLOR 250MG/5ML ORAL SUSPENSION SUGAR FREE","0501021A0AAAKAK","Cefaclor"
"AMP",594511000001101,"CEFACLOR 250MG/5ML ORAL SUSPENSION SUGAR FREE","0501021A0AAAKAK","Cefaclor"
"AMP",9764411000001108,"CEFACLOR 250MG/5ML ORAL SUSPENSION SUGAR FREE","0501021A0AAAKAK","Cefaclor"
"AMP",10310111000001108,"CEFACLOR 250MG/5ML ORAL SUSPENSION SUGAR FREE","0501021A0AAAKAK","Cefaclor"
"AMP",17867411000001108,"CEFACLOR 250MG/5ML ORAL SUSPENSION SUGAR FREE","0501021A0AAAKAK","Cefaclor"
"VMP",36134211000001104,"CEFACLOR 375MG MODIFIED-RELEASE TABLETS","0501021A0AAAGAG","Cefaclor"
"AMP",168011000001109,"CEFACLOR 375MG MODIFIED-RELEASE TABLETS","0501021A0AAAGAG","Cefaclor"
"AMP",804411000001101,"CEFACLOR 375MG MODIFIED-RELEASE TABLETS","0501021A0AAAGAG","Cefaclor"
"AMP",3663611000001103,"CEFACLOR 375MG MODIFIED-RELEASE TABLETS","0501021A0AAAGAG","Cefaclor"
"AMP",4324111000001105,"CEFACLOR 375MG MODIFIED-RELEASE TABLETS","0501021A0AAAGAG","Cefaclor"
"VMP",39735111000001104,"CEFACLOR 500MG CAPSULES","0501021A0AAAEAE","Cefaclor"
"AMP",744311000001103,"CEFACLOR 500MG CAPSULES","0501021A0AAAEAE","Cefaclor"
"AMP",459111000001108,"CEFACLOR 500MG CAPSULES","0501021A0AAAEAE","Cefaclor"
"AMP",923811000001104,"CEFACLOR 500MG CAPSULES","0501021A0AAAEAE","Cefaclor"
"AMP",64011000001107,"CEFACLOR 500MG CAPSULES","0501021A0AAAEAE","Cefaclor"
"AMP",4323911000001106,"CEFACLOR 500MG CAPSULES","0501021A0AAAEAE","Cefaclor"
"AMP",10291411000001104,"CEFACLOR 500MG CAPSULES","0501021A0AAAEAE","Cefaclor"
"AMP",15073011000001102,"CEFACLOR 500MG CAPSULES","0501021A0AAAEAE","Cefaclor"
"AMP",17826711000001106,"CEFACLOR 500MG CAPSULES","0501021A0AAAEAE","Cefaclor"
"AMP",793311000001106,"DISTACLOR 125MG/5ML ORAL SUSPENSION","0501021A0BBABAB","Cefaclor"
"AMP",602211000001101,"DISTACLOR 250MG/5ML ORAL SUSPENSION","0501021A0BBACAC","Cefaclor"
"AMP",252811000001107,"DISTACLOR 500MG CAPSULES","0501021A0BBADAE","Cefaclor"
"AMP",583511000001100,"DISTACLOR MR 375MG TABLETS","0501021A0BBAEAG","Cefaclor"
"AMP",531011000001104,"KEFTID 125MG/5ML ORAL SUSPENSION","0501021A0BDACAJ","Cefaclor"
"AMP",555211000001108,"KEFTID 250MG CAPSULES","0501021A0BDAAAA","Cefaclor"
"AMP",318811000001107,"KEFTID 250MG/5ML ORAL SUSPENSION","0501021A0BDADAK","Cefaclor"
"AMP",803611000001101,"KEFTID 500MG CAPSULES","0501021A0BDABAE","Cefaclor"
"AMP",912111000001109,"BAXAN 125MG/5ML ORAL SUSPENSION","0501021B0BBABAB","Cefadroxil"
"AMP",60011000001100,"BAXAN 250MG/5ML ORAL SUSPENSION","0501021B0BBACAC","Cefadroxil"
"AMP",674111000001108,"BAXAN 500MG CAPSULES","0501021B0BBAAAA","Cefadroxil"
"AMP",304211000001103,"BAXAN 500MG/5ML ORAL SUSPENSION","0501021B0BBADAD","Cefadroxil"
"VMP",323811004,"CEFADROXIL 125MG/5ML ORAL SUSPENSION","0501021B0AAABAB","Cefadroxil"
"VMP",323812006,"CEFADROXIL 250MG/5ML ORAL SUSPENSION","0501021B0AAACAC","Cefadroxil"
"VMP",39735211000001104,"CEFADROXIL 500MG CAPSULES","0501021B0AAAAAA","Cefadroxil"
"AMP",4814611000001109,"CEFADROXIL 500MG CAPSULES","0501021B0AAAAAA","Cefadroxil"
"AMP",5918311000001108,"CEFADROXIL 500MG CAPSULES","0501021B0AAAAAA","Cefadroxil"
"AMP",7887711000001102,"CEFADROXIL 500MG CAPSULES","0501021B0AAAAAA","Cefadroxil"
"AMP",8750411000001109,"CEFADROXIL 500MG CAPSULES","0501021B0AAAAAA","Cefadroxil"
"AMP",15073211000001108,"CEFADROXIL 500MG CAPSULES","0501021B0AAAAAA","Cefadroxil"
"AMP",17851711000001104,"CEFADROXIL 500MG CAPSULES","0501021B0AAAAAA","Cefadroxil"
"AMP",19712411000001100,"CEFADROXIL 500MG CAPSULES","0501021B0AAAAAA","Cefadroxil"
"AMP",21821711000001100,"CEFADROXIL 500MG CAPSULES","0501021B0AAAAAA","Cefadroxil"
"AMP",30009111000001104,"CEFADROXIL 500MG CAPSULES","0501021B0AAAAAA","Cefadroxil"
"AMP",38825011000001112,"CEFADROXIL 500MG CAPSULES","0501021B0AAAAAA","Cefadroxil"
"VMP",323816009,"CEFADROXIL 500MG/5ML ORAL SUSPENSION","0501021B0AAADAD","Cefadroxil"
"VMP",36134411000001104,"CEFIXIME 100MG/5ML ORAL SUSPENSION","0501021C0AAABAB","Cefixime"
"VMP",323973007,"CEFIXIME 200MG TABLETS","0501021C0AAAAAA","Cefixime"
"VMP",370375008,"CEFIXIME 400MG TABLETS","0501021C0AAACAC","Cefixime"
"AMP",34762811000001104,"CEFIXIME 400MG TABLETS","0501021C0AAACAC","Cefixime"
"AMP",511411000001101,"SUPRAX 200MG TABLETS","0501021C0BBAAAA","Cefixime"
"AMP",3184511000001101,"SUPRAX PAEDIATRIC 100MG/5ML ORAL SUSPENSION","0501021C0BBABAB","Cefixime"
"VMP",323825003,"CEFOTAXIME 1G POWDER FOR SOLUTION FOR INJECTION VIALS","0501021D0AAABAB","Cefotaxime"
"AMP",3940211000001103,"CEFOTAXIME 1G POWDER FOR SOLUTION FOR INJECTION VIALS","0501021D0AAABAB","Cefotaxime"
"AMP",3940811000001102,"CEFOTAXIME 1G POWDER FOR SOLUTION FOR INJECTION VIALS","0501021D0AAABAB","Cefotaxime"
"AMP",13611811000001104,"CEFOTAXIME 1G POWDER FOR SOLUTION FOR INJECTION VIALS","0501021D0AAABAB","Cefotaxime"
"AMP",27969111000001104,"CEFOTAXIME 1G POWDER FOR SOLUTION FOR INJECTION VIALS","0501021D0AAABAB","Cefotaxime"
"AMP",34749811000001100,"CEFOTAXIME 1G POWDER FOR SOLUTION FOR INJECTION VIALS","0501021D0AAABAB","Cefotaxime"
"AMP",36516011000001104,"CEFOTAXIME 1G POWDER FOR SOLUTION FOR INJECTION VIALS","0501021D0AAABAB","Cefotaxime"
"VMP",4558311000001100,"CEFOTAXIME 2G POWDER FOR SOLUTION FOR INJECTION VIALS","0501021D0AAACAC","Cefotaxime"
"AMP",4533711000001108,"CEFOTAXIME 2G POWDER FOR SOLUTION FOR INJECTION VIALS","0501021D0AAACAC","Cefotaxime"
"AMP",4533911000001105,"CEFOTAXIME 2G POWDER FOR SOLUTION FOR INJECTION VIALS","0501021D0AAACAC","Cefotaxime"
"AMP",13612211000001106,"CEFOTAXIME 2G POWDER FOR SOLUTION FOR INJECTION VIALS","0501021D0AAACAC","Cefotaxime"
"AMP",27969611000001104,"CEFOTAXIME 2G POWDER FOR SOLUTION FOR INJECTION VIALS","0501021D0AAACAC","Cefotaxime"
"AMP",36516211000001104,"CEFOTAXIME 2G POWDER FOR SOLUTION FOR INJECTION VIALS","0501021D0AAACAC","Cefotaxime"
"VMP",323824004,"CEFOTAXIME 500MG POWDER FOR SOLUTION FOR INJECTION VIALS","0501021D0AAAAAA","Cefotaxime"
"AMP",4532411000001106,"CEFOTAXIME 500MG POWDER FOR SOLUTION FOR INJECTION VIALS","0501021D0AAAAAA","Cefotaxime"
"AMP",4532811000001108,"CEFOTAXIME 500MG POWDER FOR SOLUTION FOR INJECTION VIALS","0501021D0AAAAAA","Cefotaxime"
"AMP",13611511000001100,"CEFOTAXIME 500MG POWDER FOR SOLUTION FOR INJECTION VIALS","0501021D0AAAAAA","Cefotaxime"
"AMP",27971011000001108,"CEFOTAXIME 500MG POWDER FOR SOLUTION FOR INJECTION VIALS","0501021D0AAAAAA","Cefotaxime"
"AMP",34750011000001100,"CEFOTAXIME 500MG POWDER FOR SOLUTION FOR INJECTION VIALS","0501021D0AAAAAA","Cefotaxime"
"AMP",3939811000001107,"CLAFORAN 1G POWDER FOR SOLUTION FOR INJECTION VIALS","0501021D0BBABAB","Cefotaxime"
"AMP",4533411000001102,"CLAFORAN 2G POWDER FOR SOLUTION FOR INJECTION VIALS","0501021D0BBACAC","Cefotaxime"
"AMP",4532011000001102,"CLAFORAN 500MG POWDER FOR SOLUTION FOR INJECTION VIALS","0501021D0BBAAAA","Cefotaxime"
"VMP",323990001,"CEFTRIAXONE 1G POWDER FOR SOLUTION FOR INJECTION VIALS","0501021G0AAACAC","Ceftriaxone"
"AMP",3977811000001102,"CEFTRIAXONE 1G POWDER FOR SOLUTION FOR INJECTION VIALS","0501021G0AAACAC","Ceftriaxone"
"AMP",3978011000001109,"CEFTRIAXONE 1G POWDER FOR SOLUTION FOR INJECTION VIALS","0501021G0AAACAC","Ceftriaxone"
"AMP",3978511000001101,"CEFTRIAXONE 1G POWDER FOR SOLUTION FOR INJECTION VIALS","0501021G0AAACAC","Ceftriaxone"
"AMP",11400311000001106,"CEFTRIAXONE 1G POWDER FOR SOLUTION FOR INJECTION VIALS","0501021G0AAACAC","Ceftriaxone"
"AMP",20100211000001108,"CEFTRIAXONE 1G POWDER FOR SOLUTION FOR INJECTION VIALS","0501021G0AAACAC","Ceftriaxone"
"AMP",22824911000001104,"CEFTRIAXONE 1G POWDER FOR SOLUTION FOR INJECTION VIALS","0501021G0AAACAC","Ceftriaxone"
"AMP",32483211000001108,"CEFTRIAXONE 1G POWDER FOR SOLUTION FOR INJECTION VIALS","0501021G0AAACAC","Ceftriaxone"
"AMP",34751011000001104,"CEFTRIAXONE 1G POWDER FOR SOLUTION FOR INJECTION VIALS","0501021G0AAACAC","Ceftriaxone"
"AMP",36516811000001104,"CEFTRIAXONE 1G POWDER FOR SOLUTION FOR INJECTION VIALS","0501021G0AAACAC","Ceftriaxone"
"AMP",36541011000001104,"CEFTRIAXONE 1G POWDER FOR SOLUTION FOR INJECTION VIALS","0501021G0AAACAC","Ceftriaxone"
"AMP",37336711000001104,"CEFTRIAXONE 1G POWDER FOR SOLUTION FOR INJECTION VIALS","0501021G0AAACAC","Ceftriaxone"
"AMP",38564411000001112,"CEFTRIAXONE 1G POWDER FOR SOLUTION FOR INJECTION VIALS","0501021G0AAACAC","Ceftriaxone"
"AMP",39028111000001104,"CEFTRIAXONE 1G POWDER FOR SOLUTION FOR INJECTION VIALS","0501021G0AAACAC","Ceftriaxone"
"VMP",323989005,"CEFTRIAXONE 250MG POWDER FOR SOLUTION FOR INJECTION VIALS","0501021G0AAABAB","Ceftriaxone"
"AMP",13612411000001104,"CEFTRIAXONE 250MG POWDER FOR SOLUTION FOR INJECTION VIALS","0501021G0AAABAB","Ceftriaxone"
"AMP",23047711000001100,"CEFTRIAXONE 250MG POWDER FOR SOLUTION FOR INJECTION VIALS","0501021G0AAABAB","Ceftriaxone"
"AMP",27971211000001104,"CEFTRIAXONE 250MG POWDER FOR SOLUTION FOR INJECTION VIALS","0501021G0AAABAB","Ceftriaxone"
"AMP",34750811000001108,"CEFTRIAXONE 250MG POWDER FOR SOLUTION FOR INJECTION VIALS","0501021G0AAABAB","Ceftriaxone"
"AMP",23414711000001104,"CEFTRIAXONE 2G POWDER FOR SOLUTION FOR INFUSION VIALS","0501021G0AAADAD","Ceftriaxone"
"AMP",36517011000001104,"CEFTRIAXONE 2G POWDER FOR SOLUTION FOR INFUSION VIALS","0501021G0AAADAD","Ceftriaxone"
"VMP",323991002,"CEFTRIAXONE 2G POWDER FOR SOLUTION FOR INJECTION VIALS","0501021G0AAADAD","Ceftriaxone"
"AMP",4405611000001104,"CEFTRIAXONE 2G POWDER FOR SOLUTION FOR INJECTION VIALS","0501021G0AAADAD","Ceftriaxone"
"AMP",4406011000001102,"CEFTRIAXONE 2G POWDER FOR SOLUTION FOR INJECTION VIALS","0501021G0AAADAD","Ceftriaxone"
"AMP",4406311000001104,"CEFTRIAXONE 2G POWDER FOR SOLUTION FOR INJECTION VIALS","0501021G0AAADAD","Ceftriaxone"
"AMP",20100411000001104,"CEFTRIAXONE 2G POWDER FOR SOLUTION FOR INJECTION VIALS","0501021G0AAADAD","Ceftriaxone"
"AMP",32483411000001108,"CEFTRIAXONE 2G POWDER FOR SOLUTION FOR INJECTION VIALS","0501021G0AAADAD","Ceftriaxone"
"AMP",34751211000001100,"CEFTRIAXONE 2G POWDER FOR SOLUTION FOR INJECTION VIALS","0501021G0AAADAD","Ceftriaxone"
"AMP",36783811000001104,"CEFTRIAXONE 2G POWDER FOR SOLUTION FOR INJECTION VIALS","0501021G0AAADAD","Ceftriaxone"
"AMP",39027911000001104,"CEFTRIAXONE 2G POWDER FOR SOLUTION FOR INJECTION VIALS","0501021G0AAADAD","Ceftriaxone"
"AMP",3978911000001108,"ROCEPHIN 1G POWDER FOR SOLUTION FOR INJECTION VIALS","0501021G0BBABAC","Ceftriaxone"
"AMP",4404611000001100,"ROCEPHIN 250MG POWDER FOR SOLUTION FOR INJECTION VIALS","0501021G0BBAAAB","Ceftriaxone"
"AMP",4406611000001109,"ROCEPHIN 2G POWDER FOR SOLUTION FOR INJECTION VIALS","0501021G0BBACAD","Ceftriaxone"
"VMP",323854009,"CEFTAZIDIME 1G POWDER FOR SOLUTION FOR INJECTION VIALS","0501021H0AAABAB","Ceftazidime"
"AMP",8745211000001103,"CEFTAZIDIME 1G POWDER FOR SOLUTION FOR INJECTION VIALS","0501021H0AAABAB","Ceftazidime"
"AMP",9470311000001108,"CEFTAZIDIME 1G POWDER FOR SOLUTION FOR INJECTION VIALS","0501021H0AAABAB","Ceftazidime"
"AMP",10188111000001104,"CEFTAZIDIME 1G POWDER FOR SOLUTION FOR INJECTION VIALS","0501021H0AAABAB","Ceftazidime"
"AMP",19843211000001100,"CEFTAZIDIME 1G POWDER FOR SOLUTION FOR INJECTION VIALS","0501021H0AAABAB","Ceftazidime"
"AMP",23055511000001100,"CEFTAZIDIME 1G POWDER FOR SOLUTION FOR INJECTION VIALS","0501021H0AAABAB","Ceftazidime"
"AMP",32483811000001108,"CEFTAZIDIME 1G POWDER FOR SOLUTION FOR INJECTION VIALS","0501021H0AAABAB","Ceftazidime"
"AMP",34750411000001104,"CEFTAZIDIME 1G POWDER FOR SOLUTION FOR INJECTION VIALS","0501021H0AAABAB","Ceftazidime"
"AMP",36516411000001104,"CEFTAZIDIME 1G POWDER FOR SOLUTION FOR INJECTION VIALS","0501021H0AAABAB","Ceftazidime"
"AMP",36540611000001104,"CEFTAZIDIME 1G POWDER FOR SOLUTION FOR INJECTION VIALS","0501021H0AAABAB","Ceftazidime"
"AMP",36760611000001104,"CEFTAZIDIME 1G POWDER FOR SOLUTION FOR INJECTION VIALS","0501021H0AAABAB","Ceftazidime"
"VMP",323852008,"CEFTAZIDIME 250MG POWDER FOR SOLUTION FOR INJECTION VIALS","0501021H0AAADAD","Ceftazidime"
"VMP",323855005,"CEFTAZIDIME 2G POWDER FOR SOLUTION FOR INJECTION VIALS","0501021H0AAACAC","Ceftazidime"
"AMP",8745411000001104,"CEFTAZIDIME 2G POWDER FOR SOLUTION FOR INJECTION VIALS","0501021H0AAACAC","Ceftazidime"
"AMP",9470511000001104,"CEFTAZIDIME 2G POWDER FOR SOLUTION FOR INJECTION VIALS","0501021H0AAACAC","Ceftazidime"
"AMP",10188311000001102,"CEFTAZIDIME 2G POWDER FOR SOLUTION FOR INJECTION VIALS","0501021H0AAACAC","Ceftazidime"
"AMP",19842311000001104,"CEFTAZIDIME 2G POWDER FOR SOLUTION FOR INJECTION VIALS","0501021H0AAACAC","Ceftazidime"
"AMP",23057711000001104,"CEFTAZIDIME 2G POWDER FOR SOLUTION FOR INJECTION VIALS","0501021H0AAACAC","Ceftazidime"
"AMP",32484011000001100,"CEFTAZIDIME 2G POWDER FOR SOLUTION FOR INJECTION VIALS","0501021H0AAACAC","Ceftazidime"
"AMP",34750611000001108,"CEFTAZIDIME 2G POWDER FOR SOLUTION FOR INJECTION VIALS","0501021H0AAACAC","Ceftazidime"
"AMP",36516611000001112,"CEFTAZIDIME 2G POWDER FOR SOLUTION FOR INJECTION VIALS","0501021H0AAACAC","Ceftazidime"
"AMP",36540811000001104,"CEFTAZIDIME 2G POWDER FOR SOLUTION FOR INJECTION VIALS","0501021H0AAACAC","Ceftazidime"
"AMP",36611411000001112,"CEFTAZIDIME 2G POWDER FOR SOLUTION FOR INJECTION VIALS","0501021H0AAACAC","Ceftazidime"
"VMP",323849000,"CEFTAZIDIME 3G POWDER FOR SOLUTION FOR INJECTION VIALS","0501021H0AAAHAH","Ceftazidime"
"AMP",35798511000001104,"CEFTAZIDIME 3G POWDER FOR SOLUTION FOR INJECTION VIALS","0501021H0AAAHAH","Ceftazidime"
"VMP",323853003,"CEFTAZIDIME 500MG POWDER FOR SOLUTION FOR INJECTION VIALS","0501021H0AAAAAA","Ceftazidime"
"AMP",8744311000001107,"CEFTAZIDIME 500MG POWDER FOR SOLUTION FOR INJECTION VIALS","0501021H0AAAAAA","Ceftazidime"
"AMP",10188511000001108,"CEFTAZIDIME 500MG POWDER FOR SOLUTION FOR INJECTION VIALS","0501021H0AAAAAA","Ceftazidime"
"AMP",19837811000001104,"CEFTAZIDIME 500MG POWDER FOR SOLUTION FOR INJECTION VIALS","0501021H0AAAAAA","Ceftazidime"
"AMP",32483611000001104,"CEFTAZIDIME 500MG POWDER FOR SOLUTION FOR INJECTION VIALS","0501021H0AAAAAA","Ceftazidime"
"AMP",34750211000001104,"CEFTAZIDIME 500MG POWDER FOR SOLUTION FOR INJECTION VIALS","0501021H0AAAAAA","Ceftazidime"
"AMP",36537311000001104,"CEFTAZIDIME 500MG POWDER FOR SOLUTION FOR INJECTION VIALS","0501021H0AAAAAA","Ceftazidime"
"AMP",3930311000001107,"FORTUM 1G POWDER FOR SOLUTION FOR INJECTION VIALS","0501021H0BBACAB","Ceftazidime"
"AMP",4373011000001106,"FORTUM 250MG POWDER FOR SOLUTION FOR INJECTION VIALS","0501021H0BBAAAD","Ceftazidime"
"AMP",4374611000001101,"FORTUM 2G POWDER FOR SOLUTION FOR INJECTION VIALS","0501021H0BBADAC","Ceftazidime"
"AMP",4375711000001109,"FORTUM 3G POWDER FOR SOLUTION FOR INJECTION VIALS","0501021H0BBAGAH","Ceftazidime"
"AMP",4374011000001108,"FORTUM 500MG POWDER FOR SOLUTION FOR INJECTION VIALS","0501021H0BBABAA","Ceftazidime"
"AMP",10283311000001108,"FORTUM MONOVIAL 2G POWDER FOR SOLUTION FOR INJECTION VIALS","0501021H0BBAHAC","Ceftazidime"
"AMP",3930711000001106,"KEFADIM 1G POWDER FOR SOLUTION FOR INJECTION VIALS","0501021H0BCABAB","Ceftazidime"
"AMP",4374911000001107,"KEFADIM 2G POWDER FOR SOLUTION FOR INJECTION VIALS","0501021H0BCACAC","Ceftazidime"
"AMP",4374311000001106,"KEFADIM 500MG POWDER FOR SOLUTION FOR INJECTION VIALS","0501021H0BCAAAA","Ceftazidime"
"AMP",11775611000001108,"BRITACEF 1.5G POWDER FOR INJECTION VIALS","0501021J0BCACAC","Cefuroxime"
"AMP",11775211000001104,"BRITACEF 250MG POWDER FOR INJECTION VIALS","0501021J0BCAAAA","Cefuroxime"
"AMP",11775411000001108,"BRITACEF 750MG POWDER FOR INJECTION VIALS","0501021J0BCABAB","Cefuroxime"
"VMP",4557611000001106,"CEFUROXIME 1.5G POWDER FOR INJECTION VIALS","0501021J0AAACAC","Cefuroxime"
"AMP",4530611000001108,"CEFUROXIME 1.5G POWDER FOR INJECTION VIALS","0501021J0AAACAC","Cefuroxime"
"AMP",11617611000001104,"CEFUROXIME 1.5G POWDER FOR INJECTION VIALS","0501021J0AAACAC","Cefuroxime"
"AMP",36605311000001104,"CEFUROXIME 1.5G POWDER FOR INJECTION VIALS","0501021J0AAACAC","Cefuroxime"
"AMP",36613311000001104,"CEFUROXIME 1.5G POWDER FOR INJECTION VIALS","0501021J0AAACAC","Cefuroxime"
"AMP",36753811000001104,"CEFUROXIME 1.5G POWDER FOR INJECTION VIALS","0501021J0AAACAC","Cefuroxime"
"VMP",323880005,"CEFUROXIME 250MG POWDER FOR INJECTION VIALS","0501021J0AAAAAA","Cefuroxime"
"AMP",4740011000001101,"CEFUROXIME 250MG POWDER FOR INJECTION VIALS","0501021J0AAAAAA","Cefuroxime"
"AMP",34751411000001100,"CEFUROXIME 250MG POWDER FOR INJECTION VIALS","0501021J0AAAAAA","Cefuroxime"
"AMP",36754511000001104,"CEFUROXIME 250MG POWDER FOR INJECTION VIALS","0501021J0AAAAAA","Cefuroxime"
"VMP",36134711000001104,"CEFUROXIME 750MG POWDER FOR INJECTION VIALS","0501021J0AAABAB","Cefuroxime"
"AMP",3939111000001100,"CEFUROXIME 750MG POWDER FOR INJECTION VIALS","0501021J0AAABAB","Cefuroxime"
"AMP",11617911000001108,"CEFUROXIME 750MG POWDER FOR INJECTION VIALS","0501021J0AAABAB","Cefuroxime"
"AMP",36605111000001104,"CEFUROXIME 750MG POWDER FOR INJECTION VIALS","0501021J0AAABAB","Cefuroxime"
"AMP",36613111000001104,"CEFUROXIME 750MG POWDER FOR INJECTION VIALS","0501021J0AAABAB","Cefuroxime"
"AMP",36754311000001104,"CEFUROXIME 750MG POWDER FOR INJECTION VIALS","0501021J0AAABAB","Cefuroxime"
"AMP",4530311000001103,"ZINACEF 1.5G POWDER FOR INJECTION VIALS","0501021J0BBACAC","Cefuroxime"
"AMP",4740211000001106,"ZINACEF 250MG POWDER FOR INJECTION VIALS","0501021J0BBAAAA","Cefuroxime"
"AMP",3939311000001103,"ZINACEF 750MG POWDER FOR INJECTION VIALS","0501021J0BBABAB","Cefuroxime"
"VMP",323874002,"CEFUROXIME 125MG GRANULES SACHETS","0501021K0AAADAD","Cefuroxime"
"VMP",39684511000001104,"CEFUROXIME 125MG TABLETS","0501021K0AAAAAA","Cefuroxime"
"VMP",323872003,"CEFUROXIME 125MG/5ML ORAL SUSPENSION","0501021K0AAACAC","Cefuroxime"
"VMP",39694611000001104,"CEFUROXIME 250MG TABLETS","0501021K0AAABAB","Cefuroxime"
"AMP",9547111000001104,"CEFUROXIME 250MG TABLETS","0501021K0AAABAB","Cefuroxime"
"AMP",10096411000001100,"CEFUROXIME 250MG TABLETS","0501021K0AAABAB","Cefuroxime"
"AMP",10271811000001104,"CEFUROXIME 250MG TABLETS","0501021K0AAABAB","Cefuroxime"
"AMP",10885511000001106,"CEFUROXIME 250MG TABLETS","0501021K0AAABAB","Cefuroxime"
"AMP",13743011000001108,"CEFUROXIME 250MG TABLETS","0501021K0AAABAB","Cefuroxime"
"AMP",15074511000001108,"CEFUROXIME 250MG TABLETS","0501021K0AAABAB","Cefuroxime"
"AMP",17853111000001104,"CEFUROXIME 250MG TABLETS","0501021K0AAABAB","Cefuroxime"
"AMP",19712711000001104,"CEFUROXIME 250MG TABLETS","0501021K0AAABAB","Cefuroxime"
"AMP",21831411000001104,"CEFUROXIME 250MG TABLETS","0501021K0AAABAB","Cefuroxime"
"AMP",30011011000001100,"CEFUROXIME 250MG TABLETS","0501021K0AAABAB","Cefuroxime"
"AMP",38826311000001104,"CEFUROXIME 250MG TABLETS","0501021K0AAABAB","Cefuroxime"
"AMP",228011000001102,"ZINNAT 125MG TABLETS","0501021K0BBAAAA","Cefuroxime"
"AMP",238811000001105,"ZINNAT 125MG/5ML ORAL SUSPENSION","0501021K0BBACAC","Cefuroxime"
"AMP",211911000001100,"ZINNAT 250MG TABLETS","0501021K0BBABAB","Cefuroxime"
"AMP",3253511000001109,"ZINNAT SUSPENSION 125MG GRANULES SACHETS","0501021K0BBADAD","Cefuroxime"
"VMP",323887008,"CEFALEXIN 125MG/5ML ORAL SUSPENSION","0501021L0AAACAC","Cefalexin"
"AMP",639611000001104,"CEFALEXIN 125MG/5ML ORAL SUSPENSION","0501021L0AAACAC","Cefalexin"
"AMP",640011000001104,"CEFALEXIN 125MG/5ML ORAL SUSPENSION","0501021L0AAACAC","Cefalexin"
"AMP",6211000001105,"CEFALEXIN 125MG/5ML ORAL SUSPENSION","0501021L0AAACAC","Cefalexin"
"AMP",560011000001100,"CEFALEXIN 125MG/5ML ORAL SUSPENSION","0501021L0AAACAC","Cefalexin"
"AMP",34311000001103,"CEFALEXIN 125MG/5ML ORAL SUSPENSION","0501021L0AAACAC","Cefalexin"
"AMP",233111000001107,"CEFALEXIN 125MG/5ML ORAL SUSPENSION","0501021L0AAACAC","Cefalexin"
"AMP",534211000001106,"CEFALEXIN 125MG/5ML ORAL SUSPENSION","0501021L0AAACAC","Cefalexin"
"AMP",10456111000001106,"CEFALEXIN 125MG/5ML ORAL SUSPENSION","0501021L0AAACAC","Cefalexin"
"AMP",15073911000001104,"CEFALEXIN 125MG/5ML ORAL SUSPENSION","0501021L0AAACAC","Cefalexin"
"AMP",18086311000001108,"CEFALEXIN 125MG/5ML ORAL SUSPENSION","0501021L0AAACAC","Cefalexin"
"AMP",21826411000001100,"CEFALEXIN 125MG/5ML ORAL SUSPENSION","0501021L0AAACAC","Cefalexin"
"AMP",22631711000001108,"CEFALEXIN 125MG/5ML ORAL SUSPENSION","0501021L0AAACAC","Cefalexin"
"AMP",30010411000001100,"CEFALEXIN 125MG/5ML ORAL SUSPENSION","0501021L0AAACAC","Cefalexin"
"AMP",37510911000001104,"CEFALEXIN 125MG/5ML ORAL SUSPENSION","0501021L0AAACAC","Cefalexin"
"AMP",38825611000001104,"CEFALEXIN 125MG/5ML ORAL SUSPENSION","0501021L0AAACAC","Cefalexin"
"VMP",4865011000001104,"CEFALEXIN 125MG/5ML ORAL SUSPENSION SUGAR FREE","0501021L0AAANAN","Cefalexin"
"AMP",4861711000001104,"CEFALEXIN 125MG/5ML ORAL SUSPENSION SUGAR FREE","0501021L0AAANAN","Cefalexin"
"AMP",11267111000001104,"CEFALEXIN 125MG/5ML ORAL SUSPENSION SUGAR FREE","0501021L0AAANAN","Cefalexin"
"AMP",19188211000001104,"CEFALEXIN 125MG/5ML ORAL SUSPENSION SUGAR FREE","0501021L0AAANAN","Cefalexin"
"AMP",35210711000001104,"CEFALEXIN 125MG/5ML ORAL SUSPENSION SUGAR FREE","0501021L0AAANAN","Cefalexin"
"AMP",35227111000001104,"CEFALEXIN 125MG/5ML ORAL SUSPENSION SUGAR FREE","0501021L0AAANAN","Cefalexin"
"VMP",39735311000001104,"CEFALEXIN 250MG CAPSULES","0501021L0AAAAAA","Cefalexin"
"AMP",716611000001106,"CEFALEXIN 250MG CAPSULES","0501021L0AAAAAA","Cefalexin"
"AMP",34811000001107,"CEFALEXIN 250MG CAPSULES","0501021L0AAAAAA","Cefalexin"
"AMP",758111000001108,"CEFALEXIN 250MG CAPSULES","0501021L0AAAAAA","Cefalexin"
"AMP",216811000001100,"CEFALEXIN 250MG CAPSULES","0501021L0AAAAAA","Cefalexin"
"AMP",3611000001101,"CEFALEXIN 250MG CAPSULES","0501021L0AAAAAA","Cefalexin"
"AMP",763611000001104,"CEFALEXIN 250MG CAPSULES","0501021L0AAAAAA","Cefalexin"
"AMP",612311000001107,"CEFALEXIN 250MG CAPSULES","0501021L0AAAAAA","Cefalexin"
"AMP",606011000001105,"CEFALEXIN 250MG CAPSULES","0501021L0AAAAAA","Cefalexin"
"AMP",9376611000001108,"CEFALEXIN 250MG CAPSULES","0501021L0AAAAAA","Cefalexin"
"AMP",10388711000001104,"CEFALEXIN 250MG CAPSULES","0501021L0AAAAAA","Cefalexin"
"AMP",17851911000001102,"CEFALEXIN 250MG CAPSULES","0501021L0AAAAAA","Cefalexin"
"AMP",19187811000001108,"CEFALEXIN 250MG CAPSULES","0501021L0AAAAAA","Cefalexin"
"AMP",21822811000001100,"CEFALEXIN 250MG CAPSULES","0501021L0AAAAAA","Cefalexin"
"AMP",22631111000001108,"CEFALEXIN 250MG CAPSULES","0501021L0AAAAAA","Cefalexin"
"AMP",27996311000001104,"CEFALEXIN 250MG CAPSULES","0501021L0AAAAAA","Cefalexin"
"AMP",29782311000001108,"CEFALEXIN 250MG CAPSULES","0501021L0AAAAAA","Cefalexin"
"AMP",30009611000001104,"CEFALEXIN 250MG CAPSULES","0501021L0AAAAAA","Cefalexin"
"AMP",37509711000001112,"CEFALEXIN 250MG CAPSULES","0501021L0AAAAAA","Cefalexin"
"AMP",38826011000001104,"CEFALEXIN 250MG CAPSULES","0501021L0AAAAAA","Cefalexin"
"VMP",39684111000001104,"CEFALEXIN 250MG TABLETS","0501021L0AAAGAG","Cefalexin"
"AMP",719911000001109,"CEFALEXIN 250MG TABLETS","0501021L0AAAGAG","Cefalexin"
"AMP",924811000001101,"CEFALEXIN 250MG TABLETS","0501021L0AAAGAG","Cefalexin"
"AMP",362911000001104,"CEFALEXIN 250MG TABLETS","0501021L0AAAGAG","Cefalexin"
"AMP",427011000001102,"CEFALEXIN 250MG TABLETS","0501021L0AAAGAG","Cefalexin"
"AMP",360811000001108,"CEFALEXIN 250MG TABLETS","0501021L0AAAGAG","Cefalexin"
"AMP",483611000001107,"CEFALEXIN 250MG TABLETS","0501021L0AAAGAG","Cefalexin"
"AMP",232811000001108,"CEFALEXIN 250MG TABLETS","0501021L0AAAGAG","Cefalexin"
"AMP",600911000001106,"CEFALEXIN 250MG TABLETS","0501021L0AAAGAG","Cefalexin"
"AMP",10389111000001102,"CEFALEXIN 250MG TABLETS","0501021L0AAAGAG","Cefalexin"
"AMP",11267511000001100,"CEFALEXIN 250MG TABLETS","0501021L0AAAGAG","Cefalexin"
"AMP",15052511000001100,"CEFALEXIN 250MG TABLETS","0501021L0AAAGAG","Cefalexin"
"AMP",17852311000001108,"CEFALEXIN 250MG TABLETS","0501021L0AAAGAG","Cefalexin"
"AMP",21827211000001104,"CEFALEXIN 250MG TABLETS","0501021L0AAAGAG","Cefalexin"
"AMP",22631911000001104,"CEFALEXIN 250MG TABLETS","0501021L0AAAGAG","Cefalexin"
"AMP",37510511000001112,"CEFALEXIN 250MG TABLETS","0501021L0AAAGAG","Cefalexin"
"AMP",39845511000001104,"CEFALEXIN 250MG TABLETS","0501021L0AAAGAG","Cefalexin"
"VMP",323888003,"CEFALEXIN 250MG/5ML ORAL SUSPENSION","0501021L0AAADAD","Cefalexin"
"AMP",800711000001101,"CEFALEXIN 250MG/5ML ORAL SUSPENSION","0501021L0AAADAD","Cefalexin"
"AMP",707211000001109,"CEFALEXIN 250MG/5ML ORAL SUSPENSION","0501021L0AAADAD","Cefalexin"
"AMP",344611000001109,"CEFALEXIN 250MG/5ML ORAL SUSPENSION","0501021L0AAADAD","Cefalexin"
"AMP",887911000001102,"CEFALEXIN 250MG/5ML ORAL SUSPENSION","0501021L0AAADAD","Cefalexin"
"AMP",835511000001109,"CEFALEXIN 250MG/5ML ORAL SUSPENSION","0501021L0AAADAD","Cefalexin"
"AMP",728211000001103,"CEFALEXIN 250MG/5ML ORAL SUSPENSION","0501021L0AAADAD","Cefalexin"
"AMP",158511000001109,"CEFALEXIN 250MG/5ML ORAL SUSPENSION","0501021L0AAADAD","Cefalexin"
"AMP",10456311000001108,"CEFALEXIN 250MG/5ML ORAL SUSPENSION","0501021L0AAADAD","Cefalexin"
"AMP",15074111000001104,"CEFALEXIN 250MG/5ML ORAL SUSPENSION","0501021L0AAADAD","Cefalexin"
"AMP",18086511000001104,"CEFALEXIN 250MG/5ML ORAL SUSPENSION","0501021L0AAADAD","Cefalexin"
"AMP",21826611000001104,"CEFALEXIN 250MG/5ML ORAL SUSPENSION","0501021L0AAADAD","Cefalexin"
"AMP",30010611000001104,"CEFALEXIN 250MG/5ML ORAL SUSPENSION","0501021L0AAADAD","Cefalexin"
"AMP",30136211000001104,"CEFALEXIN 250MG/5ML ORAL SUSPENSION","0501021L0AAADAD","Cefalexin"
"AMP",37510711000001104,"CEFALEXIN 250MG/5ML ORAL SUSPENSION","0501021L0AAADAD","Cefalexin"
"AMP",38827711000001104,"CEFALEXIN 250MG/5ML ORAL SUSPENSION","0501021L0AAADAD","Cefalexin"
"VMP",4515811000001108,"CEFALEXIN 250MG/5ML ORAL SUSPENSION SUGAR FREE","0501021L0AAAPAP","Cefalexin"
"AMP",4514011000001101,"CEFALEXIN 250MG/5ML ORAL SUSPENSION SUGAR FREE","0501021L0AAAPAP","Cefalexin"
"AMP",11267311000001108,"CEFALEXIN 250MG/5ML ORAL SUSPENSION SUGAR FREE","0501021L0AAAPAP","Cefalexin"
"AMP",19188411000001104,"CEFALEXIN 250MG/5ML ORAL SUSPENSION SUGAR FREE","0501021L0AAAPAP","Cefalexin"
"AMP",35210911000001108,"CEFALEXIN 250MG/5ML ORAL SUSPENSION SUGAR FREE","0501021L0AAAPAP","Cefalexin"
"AMP",35215211000001108,"CEFALEXIN 250MG/5ML ORAL SUSPENSION SUGAR FREE","0501021L0AAAPAP","Cefalexin"
"VMP",39694811000001104,"CEFALEXIN 500MG CAPSULES","0501021L0AAABAB","Cefalexin"
"AMP",660211000001101,"CEFALEXIN 500MG CAPSULES","0501021L0AAABAB","Cefalexin"
"AMP",596511000001107,"CEFALEXIN 500MG CAPSULES","0501021L0AAABAB","Cefalexin"
"AMP",587511000001105,"CEFALEXIN 500MG CAPSULES","0501021L0AAABAB","Cefalexin"
"AMP",86911000001101,"CEFALEXIN 500MG CAPSULES","0501021L0AAABAB","Cefalexin"
"AMP",648411000001106,"CEFALEXIN 500MG CAPSULES","0501021L0AAABAB","Cefalexin"
"AMP",850211000001103,"CEFALEXIN 500MG CAPSULES","0501021L0AAABAB","Cefalexin"
"AMP",305811000001101,"CEFALEXIN 500MG CAPSULES","0501021L0AAABAB","Cefalexin"
"AMP",324911000001101,"CEFALEXIN 500MG CAPSULES","0501021L0AAABAB","Cefalexin"
"AMP",9376411000001106,"CEFALEXIN 500MG CAPSULES","0501021L0AAABAB","Cefalexin"
"AMP",10388911000001108,"CEFALEXIN 500MG CAPSULES","0501021L0AAABAB","Cefalexin"
"AMP",17852111000001104,"CEFALEXIN 500MG CAPSULES","0501021L0AAABAB","Cefalexin"
"AMP",19188011000001100,"CEFALEXIN 500MG CAPSULES","0501021L0AAABAB","Cefalexin"
"AMP",21823311000001104,"CEFALEXIN 500MG CAPSULES","0501021L0AAABAB","Cefalexin"
"AMP",22631511000001104,"CEFALEXIN 500MG CAPSULES","0501021L0AAABAB","Cefalexin"
"AMP",27996611000001100,"CEFALEXIN 500MG CAPSULES","0501021L0AAABAB","Cefalexin"
"AMP",29782711000001108,"CEFALEXIN 500MG CAPSULES","0501021L0AAABAB","Cefalexin"
"AMP",30010111000001104,"CEFALEXIN 500MG CAPSULES","0501021L0AAABAB","Cefalexin"
"AMP",37510111000001104,"CEFALEXIN 500MG CAPSULES","0501021L0AAABAB","Cefalexin"
"AMP",38826411000001112,"CEFALEXIN 500MG CAPSULES","0501021L0AAABAB","Cefalexin"
"VMP",39735911000001104,"CEFALEXIN 500MG TABLETS","0501021L0AAAHAH","Cefalexin"
"AMP",652611000001105,"CEFALEXIN 500MG TABLETS","0501021L0AAAHAH","Cefalexin"
"AMP",149411000001104,"CEFALEXIN 500MG TABLETS","0501021L0AAAHAH","Cefalexin"
"AMP",199411000001106,"CEFALEXIN 500MG TABLETS","0501021L0AAAHAH","Cefalexin"
"AMP",452411000001109,"CEFALEXIN 500MG TABLETS","0501021L0AAAHAH","Cefalexin"
"AMP",887511000001109,"CEFALEXIN 500MG TABLETS","0501021L0AAAHAH","Cefalexin"
"AMP",331411000001105,"CEFALEXIN 500MG TABLETS","0501021L0AAAHAH","Cefalexin"
"AMP",687811000001103,"CEFALEXIN 500MG TABLETS","0501021L0AAAHAH","Cefalexin"
"AMP",863911000001108,"CEFALEXIN 500MG TABLETS","0501021L0AAAHAH","Cefalexin"
"AMP",10389411000001108,"CEFALEXIN 500MG TABLETS","0501021L0AAAHAH","Cefalexin"
"AMP",11267711000001106,"CEFALEXIN 500MG TABLETS","0501021L0AAAHAH","Cefalexin"
"AMP",17852511000001100,"CEFALEXIN 500MG TABLETS","0501021L0AAAHAH","Cefalexin"
"AMP",21830211000001100,"CEFALEXIN 500MG TABLETS","0501021L0AAAHAH","Cefalexin"
"AMP",22632111000001104,"CEFALEXIN 500MG TABLETS","0501021L0AAAHAH","Cefalexin"
"AMP",29782911000001104,"CEFALEXIN 500MG TABLETS","0501021L0AAAHAH","Cefalexin"
"AMP",37510311000001104,"CEFALEXIN 500MG TABLETS","0501021L0AAAHAH","Cefalexin"
"AMP",38824911000001112,"CEFALEXIN 500MG TABLETS","0501021L0AAAHAH","Cefalexin"
"VMP",36134311000001104,"CEFALEXIN 500MG/5ML ORAL SUSPENSION","0501021L0AAAEAE","Cefalexin"
"AMP",8825611000001100,"CEFALEXIN 500MG/5ML ORAL SUSPENSION","0501021L0AAAEAE","Cefalexin"
"AMP",15074311000001102,"CEFALEXIN 500MG/5ML ORAL SUSPENSION","0501021L0AAAEAE","Cefalexin"
"AMP",21825911000001104,"CEFALEXIN 500MG/5ML ORAL SUSPENSION","0501021L0AAAEAE","Cefalexin"
"AMP",30769411000001108,"CEFALEXIN 500MG/5ML ORAL SUSPENSION","0501021L0AAAEAE","Cefalexin"
"AMP",31565211000001104,"CEFALEXIN 500MG/5ML ORAL SUSPENSION","0501021L0AAAEAE","Cefalexin"
"AMP",32202211000001104,"CEFALEXIN 500MG/5ML ORAL SUSPENSION","0501021L0AAAEAE","Cefalexin"
"AMP",96011000001104,"CEPOREX 125MG/5ML SYRUP","0501021L0BBAHAC","Cefalexin"
"AMP",904711000001102,"CEPOREX 250MG CAPSULES","0501021L0BBAAAA","Cefalexin"
"AMP",474311000001107,"CEPOREX 250MG TABLETS","0501021L0BBACAG","Cefalexin"
"AMP",875311000001101,"CEPOREX 250MG/5ML SYRUP","0501021L0BBAIAD","Cefalexin"
"AMP",343411000001108,"CEPOREX 500MG CAPSULES","0501021L0BBABAB","Cefalexin"
"AMP",471811000001100,"CEPOREX 500MG TABLETS","0501021L0BBADAH","Cefalexin"
"AMP",3234011000001103,"CEPOREX 500MG/5ML SYRUP","0501021L0BBAJAE","Cefalexin"
"AMP",691711000001103,"KEFLEX 125MG/5ML ORAL SUSPENSION","0501021L0BCAEAC","Cefalexin"
"AMP",733011000001104,"KEFLEX 250MG CAPSULES","0501021L0BCAAAA","Cefalexin"
"AMP",91011000001106,"KEFLEX 250MG TABLETS","0501021L0BCACAG","Cefalexin"
"AMP",757911000001105,"KEFLEX 250MG/5ML ORAL SUSPENSION","0501021L0BCAFAD","Cefalexin"
"AMP",362611000001105,"KEFLEX 500MG CAPSULES","0501021L0BCABAB","Cefalexin"
"AMP",622911000001103,"KEFLEX 500MG TABLETS","0501021L0BCADAH","Cefalexin"
"VMP",323948007,"CEFRADINE 1G POWDER FOR SOLUTION FOR INJECTION VIALS","0501021M0AAADAD","Cefradine"
"VMP",323944009,"CEFRADINE 250MG CAPSULES","0501021M0AAAAAA","Cefradine"
"AMP",441611000001103,"CEFRADINE 250MG CAPSULES","0501021M0AAAAAA","Cefradine"
"AMP",601211000001108,"CEFRADINE 250MG CAPSULES","0501021M0AAAAAA","Cefradine"
"AMP",141011000001109,"CEFRADINE 250MG CAPSULES","0501021M0AAAAAA","Cefradine"
"AMP",266111000001108,"CEFRADINE 250MG CAPSULES","0501021M0AAAAAA","Cefradine"
"AMP",821811000001106,"CEFRADINE 250MG CAPSULES","0501021M0AAAAAA","Cefradine"
"AMP",48711000001106,"CEFRADINE 250MG CAPSULES","0501021M0AAAAAA","Cefradine"
"AMP",231211000001100,"CEFRADINE 250MG CAPSULES","0501021M0AAAAAA","Cefradine"
"AMP",13576111000001100,"CEFRADINE 250MG CAPSULES","0501021M0AAAAAA","Cefradine"
"AMP",17852711000001106,"CEFRADINE 250MG CAPSULES","0501021M0AAAAAA","Cefradine"
"AMP",21830611000001104,"CEFRADINE 250MG CAPSULES","0501021M0AAAAAA","Cefradine"
"AMP",29783111000001100,"CEFRADINE 250MG CAPSULES","0501021M0AAAAAA","Cefradine"
"AMP",38825311000001104,"CEFRADINE 250MG CAPSULES","0501021M0AAAAAA","Cefradine"
"VMP",36134511000001104,"CEFRADINE 250MG/5ML ORAL SOLUTION","0501021M0AAAFAF","Cefradine"
"VMP",323945005,"CEFRADINE 500MG CAPSULES","0501021M0AAABAB","Cefradine"
"AMP",810111000001104,"CEFRADINE 500MG CAPSULES","0501021M0AAABAB","Cefradine"
"AMP",392711000001103,"CEFRADINE 500MG CAPSULES","0501021M0AAABAB","Cefradine"
"AMP",688511000001102,"CEFRADINE 500MG CAPSULES","0501021M0AAABAB","Cefradine"
"AMP",88011000001101,"CEFRADINE 500MG CAPSULES","0501021M0AAABAB","Cefradine"
"AMP",332811000001103,"CEFRADINE 500MG CAPSULES","0501021M0AAABAB","Cefradine"
"AMP",277711000001100,"CEFRADINE 500MG CAPSULES","0501021M0AAABAB","Cefradine"
"AMP",750911000001109,"CEFRADINE 500MG CAPSULES","0501021M0AAABAB","Cefradine"
"AMP",17852911000001108,"CEFRADINE 500MG CAPSULES","0501021M0AAABAB","Cefradine"
"AMP",21831111000001100,"CEFRADINE 500MG CAPSULES","0501021M0AAABAB","Cefradine"
"AMP",22632411000001108,"CEFRADINE 500MG CAPSULES","0501021M0AAABAB","Cefradine"
"AMP",29783311000001104,"CEFRADINE 500MG CAPSULES","0501021M0AAABAB","Cefradine"
"AMP",30010811000001104,"CEFRADINE 500MG CAPSULES","0501021M0AAABAB","Cefradine"
"AMP",38825511000001104,"CEFRADINE 500MG CAPSULES","0501021M0AAABAB","Cefradine"
"VMP",323947002,"CEFRADINE 500MG POWDER FOR SOLUTION FOR INJECTION VIALS","0501021M0AAACAC","Cefradine"
"AMP",435511000001103,"NICEF 250MG CAPSULES","0501021M0BCAAAA","Cefradine"
"AMP",769211000001104,"NICEF 500MG CAPSULES","0501021M0BCABAB","Cefradine"
"AMP",14511000001100,"VELOSEF 1G POWDER FOR SOLUTION FOR INJECTION VIALS","0501021M0BBAEAD","Cefradine"
"AMP",705811000001100,"VELOSEF 250MG CAPSULES","0501021M0BBAAAA","Cefradine"
"AMP",3466111000001104,"VELOSEF 250MG/5ML SYRUP","0501021M0BBACAF","Cefradine"
"AMP",8911000001102,"VELOSEF 500MG CAPSULES","0501021M0BBABAB","Cefradine"
"AMP",795711000001106,"VELOSEF 500MG POWDER FOR SOLUTION FOR INJECTION VIALS","0501021M0BBADAC","Cefradine"
"AMP",4360711000001109,"AVELOX 400MG TABLETS","0501120Y0BBAAAA","Moxifloxacin"
"AMP",16751911000001104,"AVELOX 400MG/250ML SOLUTION FOR INFUSION BOTTLES","0501120Y0BBABAB","Moxifloxacin"
"AMP",10496311000001104,"AVELOX I.V. 400MG/250ML INFUSION BAGS","0501120Y0BBACAC","Moxifloxacin"
"VMP",39686211000001112,"CIPROFLOXACIN 100MG TABLETS","0501120L0AAAGAG","Ciprofloxacin"
"AMP",227611000001105,"CIPROFLOXACIN 100MG TABLETS","0501120L0AAAGAG","Ciprofloxacin"
"AMP",926611000001109,"CIPROFLOXACIN 100MG TABLETS","0501120L0AAAGAG","Ciprofloxacin"
"AMP",671111000001105,"CIPROFLOXACIN 100MG TABLETS","0501120L0AAAGAG","Ciprofloxacin"
"AMP",780711000001102,"CIPROFLOXACIN 100MG TABLETS","0501120L0AAAGAG","Ciprofloxacin"
"AMP",130511000001107,"CIPROFLOXACIN 100MG TABLETS","0501120L0AAAGAG","Ciprofloxacin"
"AMP",675411000001102,"CIPROFLOXACIN 100MG TABLETS","0501120L0AAAGAG","Ciprofloxacin"
"AMP",799111000001107,"CIPROFLOXACIN 100MG TABLETS","0501120L0AAAGAG","Ciprofloxacin"
"AMP",11017111000001100,"CIPROFLOXACIN 100MG TABLETS","0501120L0AAAGAG","Ciprofloxacin"
"AMP",15076711000001108,"CIPROFLOXACIN 100MG TABLETS","0501120L0AAAGAG","Ciprofloxacin"
"AMP",15988711000001108,"CIPROFLOXACIN 100MG TABLETS","0501120L0AAAGAG","Ciprofloxacin"
"AMP",17858011000001108,"CIPROFLOXACIN 100MG TABLETS","0501120L0AAAGAG","Ciprofloxacin"
"AMP",17964311000001102,"CIPROFLOXACIN 100MG TABLETS","0501120L0AAAGAG","Ciprofloxacin"
"AMP",19713411000001108,"CIPROFLOXACIN 100MG TABLETS","0501120L0AAAGAG","Ciprofloxacin"
"AMP",36575111000001104,"CIPROFLOXACIN 100MG TABLETS","0501120L0AAAGAG","Ciprofloxacin"
"AMP",36839911000001104,"CIPROFLOXACIN 100MG TABLETS","0501120L0AAAGAG","Ciprofloxacin"
"AMP",38834611000001104,"CIPROFLOXACIN 100MG TABLETS","0501120L0AAAGAG","Ciprofloxacin"
"VMP",36140911000001104,"CIPROFLOXACIN 100MG/50ML SOLUTION FOR INFUSION BOTTLES","0501120L0AAABAB","Ciprofloxacin"
"AMP",11546011000001108,"CIPROFLOXACIN 100MG/50ML SOLUTION FOR INFUSION BOTTLES","0501120L0AAABAB","Ciprofloxacin"
"VMP",10892711000001106,"CIPROFLOXACIN 100MG/50ML SOLUTION FOR INFUSION VIALS","0501120L0AABQBQ","Ciprofloxacin"
"AMP",10889411000001104,"CIPROFLOXACIN 100MG/50ML SOLUTION FOR INFUSION VIALS","0501120L0AABQBQ","Ciprofloxacin"
"AMP",18756911000001104,"CIPROFLOXACIN 100MG/50ML SOLUTION FOR INFUSION VIALS","0501120L0AABQBQ","Ciprofloxacin"
"AMP",34532811000001104,"CIPROFLOXACIN 100MG/50ML SOLUTION FOR INFUSION VIALS","0501120L0AABQBQ","Ciprofloxacin"
"AMP",34648611000001104,"CIPROFLOXACIN 100MG/50ML SOLUTION FOR INFUSION VIALS","0501120L0AABQBQ","Ciprofloxacin"
"VMP",12019511000001104,"CIPROFLOXACIN 100MG/5ML ORAL SUSPENSION","0501120L0AAAPAP","Ciprofloxacin"
"AMP",11975011000001108,"CIPROFLOXACIN 100MG/5ML ORAL SUSPENSION","0501120L0AAAPAP","Ciprofloxacin"
"VMP",12019611000001100,"CIPROFLOXACIN 125MG/5ML ORAL SUSPENSION","0501120L0AAATAT","Ciprofloxacin"
"AMP",11975511000001100,"CIPROFLOXACIN 125MG/5ML ORAL SUSPENSION","0501120L0AAATAT","Ciprofloxacin"
"VMP",12019711000001108,"CIPROFLOXACIN 150MG/5ML ORAL SUSPENSION","0501120L0AABIBI","Ciprofloxacin"
"AMP",11976011000001100,"CIPROFLOXACIN 150MG/5ML ORAL SUSPENSION","0501120L0AABIBI","Ciprofloxacin"
"VMP",12019811000001100,"CIPROFLOXACIN 165MG/5ML ORAL SUSPENSION","0501120L0AABJBJ","Ciprofloxacin"
"AMP",11976411000001108,"CIPROFLOXACIN 165MG/5ML ORAL SUSPENSION","0501120L0AABJBJ","Ciprofloxacin"
"VMP",12019911000001106,"CIPROFLOXACIN 170MG/5ML ORAL SUSPENSION","0501120L0AAAXAX","Ciprofloxacin"
"AMP",11977411000001106,"CIPROFLOXACIN 170MG/5ML ORAL SUSPENSION","0501120L0AAAXAX","Ciprofloxacin"
"VMP",12020011000001108,"CIPROFLOXACIN 175MG/5ML ORAL SUSPENSION","0501120L0AABCBC","Ciprofloxacin"
"AMP",11978711000001104,"CIPROFLOXACIN 175MG/5ML ORAL SUSPENSION","0501120L0AABCBC","Ciprofloxacin"
"VMP",36141011000001104,"CIPROFLOXACIN 200MG/100ML INFUSION BAGS","0501120L0AABEBE","Ciprofloxacin"
"AMP",11761311000001108,"CIPROFLOXACIN 200MG/100ML INFUSION BAGS","0501120L0AABEBE","Ciprofloxacin"
"AMP",35515811000001104,"CIPROFLOXACIN 200MG/100ML INFUSION BAGS","0501120L0AABEBE","Ciprofloxacin"
"VMP",8967411000001108,"CIPROFLOXACIN 200MG/100ML SOLUTION FOR INFUSION BOTTLES","0501120L0AAADAD","Ciprofloxacin"
"AMP",22982111000001104,"CIPROFLOXACIN 200MG/100ML SOLUTION FOR INFUSION BOTTLES","0501120L0AAADAD","Ciprofloxacin"
"AMP",36570411000001104,"CIPROFLOXACIN 200MG/100ML SOLUTION FOR INFUSION BOTTLES","0501120L0AAADAD","Ciprofloxacin"
"VMP",10892811000001104,"CIPROFLOXACIN 200MG/100ML SOLUTION FOR INFUSION VIALS","0501120L0AABRBR","Ciprofloxacin"
"AMP",10889711000001104,"CIPROFLOXACIN 200MG/100ML SOLUTION FOR INFUSION VIALS","0501120L0AABRBR","Ciprofloxacin"
"AMP",11528211000001100,"CIPROFLOXACIN 200MG/100ML SOLUTION FOR INFUSION VIALS","0501120L0AABRBR","Ciprofloxacin"
"AMP",13793511000001104,"CIPROFLOXACIN 200MG/100ML SOLUTION FOR INFUSION VIALS","0501120L0AABRBR","Ciprofloxacin"
"AMP",34533011000001108,"CIPROFLOXACIN 200MG/100ML SOLUTION FOR INFUSION VIALS","0501120L0AABRBR","Ciprofloxacin"
"AMP",34648911000001108,"CIPROFLOXACIN 200MG/100ML SOLUTION FOR INFUSION VIALS","0501120L0AABRBR","Ciprofloxacin"
"VMP",12020111000001108,"CIPROFLOXACIN 20MG/5ML ORAL SUSPENSION","0501120L0AABKBK","Ciprofloxacin"
"AMP",11979311000001108,"CIPROFLOXACIN 20MG/5ML ORAL SUSPENSION","0501120L0AABKBK","Ciprofloxacin"
"VMP",39687511000001112,"CIPROFLOXACIN 250MG TABLETS","0501120L0AAAAAA","Ciprofloxacin"
"AMP",624611000001101,"CIPROFLOXACIN 250MG TABLETS","0501120L0AAAAAA","Ciprofloxacin"
"AMP",826011000001107,"CIPROFLOXACIN 250MG TABLETS","0501120L0AAAAAA","Ciprofloxacin"
"AMP",317211000001107,"CIPROFLOXACIN 250MG TABLETS","0501120L0AAAAAA","Ciprofloxacin"
"AMP",485011000001104,"CIPROFLOXACIN 250MG TABLETS","0501120L0AAAAAA","Ciprofloxacin"
"AMP",368511000001108,"CIPROFLOXACIN 250MG TABLETS","0501120L0AAAAAA","Ciprofloxacin"
"AMP",170311000001103,"CIPROFLOXACIN 250MG TABLETS","0501120L0AAAAAA","Ciprofloxacin"
"AMP",254711000001109,"CIPROFLOXACIN 250MG TABLETS","0501120L0AAAAAA","Ciprofloxacin"
"AMP",211411000001108,"CIPROFLOXACIN 250MG TABLETS","0501120L0AAAAAA","Ciprofloxacin"
"AMP",810711000001103,"CIPROFLOXACIN 250MG TABLETS","0501120L0AAAAAA","Ciprofloxacin"
"AMP",370811000001102,"CIPROFLOXACIN 250MG TABLETS","0501120L0AAAAAA","Ciprofloxacin"
"AMP",827711000001107,"CIPROFLOXACIN 250MG TABLETS","0501120L0AAAAAA","Ciprofloxacin"
"AMP",7426211000001108,"CIPROFLOXACIN 250MG TABLETS","0501120L0AAAAAA","Ciprofloxacin"
"AMP",9795711000001102,"CIPROFLOXACIN 250MG TABLETS","0501120L0AAAAAA","Ciprofloxacin"
"AMP",10393211000001108,"CIPROFLOXACIN 250MG TABLETS","0501120L0AAAAAA","Ciprofloxacin"
"AMP",10442211000001104,"CIPROFLOXACIN 250MG TABLETS","0501120L0AAAAAA","Ciprofloxacin"
"AMP",11017911000001104,"CIPROFLOXACIN 250MG TABLETS","0501120L0AAAAAA","Ciprofloxacin"
"AMP",11401111000001104,"CIPROFLOXACIN 250MG TABLETS","0501120L0AAAAAA","Ciprofloxacin"
"AMP",13743811000001100,"CIPROFLOXACIN 250MG TABLETS","0501120L0AAAAAA","Ciprofloxacin"
"AMP",15077111000001108,"CIPROFLOXACIN 250MG TABLETS","0501120L0AAAAAA","Ciprofloxacin"
"AMP",15988911000001106,"CIPROFLOXACIN 250MG TABLETS","0501120L0AAAAAA","Ciprofloxacin"
"AMP",17858211000001102,"CIPROFLOXACIN 250MG TABLETS","0501120L0AAAAAA","Ciprofloxacin"
"AMP",18280611000001104,"CIPROFLOXACIN 250MG TABLETS","0501120L0AAAAAA","Ciprofloxacin"
"AMP",18460011000001100,"CIPROFLOXACIN 250MG TABLETS","0501120L0AAAAAA","Ciprofloxacin"
"AMP",19713611000001108,"CIPROFLOXACIN 250MG TABLETS","0501120L0AAAAAA","Ciprofloxacin"
"AMP",19729511000001100,"CIPROFLOXACIN 250MG TABLETS","0501120L0AAAAAA","Ciprofloxacin"
"AMP",19834111000001108,"CIPROFLOXACIN 250MG TABLETS","0501120L0AAAAAA","Ciprofloxacin"
"AMP",21852511000001104,"CIPROFLOXACIN 250MG TABLETS","0501120L0AAAAAA","Ciprofloxacin"
"AMP",36574211000001104,"CIPROFLOXACIN 250MG TABLETS","0501120L0AAAAAA","Ciprofloxacin"
"AMP",36840911000001112,"CIPROFLOXACIN 250MG TABLETS","0501120L0AAAAAA","Ciprofloxacin"
"AMP",38794711000001104,"CIPROFLOXACIN 250MG TABLETS","0501120L0AAAAAA","Ciprofloxacin"
"AMP",38834811000001104,"CIPROFLOXACIN 250MG TABLETS","0501120L0AAAAAA","Ciprofloxacin"
"VMP",324602005,"CIPROFLOXACIN 250MG/5ML ORAL SUSPENSION","0501120L0AABGBG","Ciprofloxacin"
"VMP",12020211000001104,"CIPROFLOXACIN 375MG/5ML ORAL SUSPENSION","0501120L0AABBBB","Ciprofloxacin"
"AMP",11980311000001108,"CIPROFLOXACIN 375MG/5ML ORAL SUSPENSION","0501120L0AABBBB","Ciprofloxacin"
"VMP",36141511000001104,"CIPROFLOXACIN 400MG/200ML INFUSION BAGS","0501120L0AABFBF","Ciprofloxacin"
"AMP",11761811000001104,"CIPROFLOXACIN 400MG/200ML INFUSION BAGS","0501120L0AABFBF","Ciprofloxacin"
"AMP",32775511000001108,"CIPROFLOXACIN 400MG/200ML INFUSION BAGS","0501120L0AABFBF","Ciprofloxacin"
"AMP",35516111000001104,"CIPROFLOXACIN 400MG/200ML INFUSION BAGS","0501120L0AABFBF","Ciprofloxacin"
"AMP",35831211000001108,"CIPROFLOXACIN 400MG/200ML INFUSION BAGS","0501120L0AABFBF","Ciprofloxacin"
"VMP",8973011000001101,"CIPROFLOXACIN 400MG/200ML SOLUTION FOR INFUSION BOTTLES","0501120L0AAAYAY","Ciprofloxacin"
"AMP",22983111000001100,"CIPROFLOXACIN 400MG/200ML SOLUTION FOR INFUSION BOTTLES","0501120L0AAAYAY","Ciprofloxacin"
"AMP",28040911000001104,"CIPROFLOXACIN 400MG/200ML SOLUTION FOR INFUSION BOTTLES","0501120L0AAAYAY","Ciprofloxacin"
"AMP",34611511000001104,"CIPROFLOXACIN 400MG/200ML SOLUTION FOR INFUSION BOTTLES","0501120L0AAAYAY","Ciprofloxacin"
"AMP",36570611000001104,"CIPROFLOXACIN 400MG/200ML SOLUTION FOR INFUSION BOTTLES","0501120L0AAAYAY","Ciprofloxacin"
"VMP",10892911000001108,"CIPROFLOXACIN 400MG/200ML SOLUTION FOR INFUSION VIALS","0501120L0AABSBS","Ciprofloxacin"
"AMP",10890011000001104,"CIPROFLOXACIN 400MG/200ML SOLUTION FOR INFUSION VIALS","0501120L0AABSBS","Ciprofloxacin"
"AMP",11528411000001102,"CIPROFLOXACIN 400MG/200ML SOLUTION FOR INFUSION VIALS","0501120L0AABSBS","Ciprofloxacin"
"AMP",13793711000001100,"CIPROFLOXACIN 400MG/200ML SOLUTION FOR INFUSION VIALS","0501120L0AABSBS","Ciprofloxacin"
"AMP",34649111000001104,"CIPROFLOXACIN 400MG/200ML SOLUTION FOR INFUSION VIALS","0501120L0AABSBS","Ciprofloxacin"
"VMP",12020311000001106,"CIPROFLOXACIN 40MG/5ML ORAL SUSPENSION","0501120L0AAANAN","Ciprofloxacin"
"AMP",11980911000001104,"CIPROFLOXACIN 40MG/5ML ORAL SUSPENSION","0501120L0AAANAN","Ciprofloxacin"
"VMP",12020411000001104,"CIPROFLOXACIN 45MG/5ML ORAL SUSPENSION","0501120L0AABHBH","Ciprofloxacin"
"AMP",11971311000001104,"CIPROFLOXACIN 45MG/5ML ORAL SUSPENSION","0501120L0AABHBH","Ciprofloxacin"
"VMP",39687811000001104,"CIPROFLOXACIN 500MG TABLETS","0501120L0AAAFAF","Ciprofloxacin"
"AMP",920811000001106,"CIPROFLOXACIN 500MG TABLETS","0501120L0AAAFAF","Ciprofloxacin"
"AMP",648911000001103,"CIPROFLOXACIN 500MG TABLETS","0501120L0AAAFAF","Ciprofloxacin"
"AMP",823711000001102,"CIPROFLOXACIN 500MG TABLETS","0501120L0AAAFAF","Ciprofloxacin"
"AMP",327011000001108,"CIPROFLOXACIN 500MG TABLETS","0501120L0AAAFAF","Ciprofloxacin"
"AMP",938011000001100,"CIPROFLOXACIN 500MG TABLETS","0501120L0AAAFAF","Ciprofloxacin"
"AMP",625611000001100,"CIPROFLOXACIN 500MG TABLETS","0501120L0AAAFAF","Ciprofloxacin"
"AMP",2511000001107,"CIPROFLOXACIN 500MG TABLETS","0501120L0AAAFAF","Ciprofloxacin"
"AMP",238711000001102,"CIPROFLOXACIN 500MG TABLETS","0501120L0AAAFAF","Ciprofloxacin"
"AMP",491511000001105,"CIPROFLOXACIN 500MG TABLETS","0501120L0AAAFAF","Ciprofloxacin"
"AMP",62011000001101,"CIPROFLOXACIN 500MG TABLETS","0501120L0AAAFAF","Ciprofloxacin"
"AMP",735711000001101,"CIPROFLOXACIN 500MG TABLETS","0501120L0AAAFAF","Ciprofloxacin"
"AMP",7426411000001107,"CIPROFLOXACIN 500MG TABLETS","0501120L0AAAFAF","Ciprofloxacin"
"AMP",9785111000001102,"CIPROFLOXACIN 500MG TABLETS","0501120L0AAAFAF","Ciprofloxacin"
"AMP",10393511000001104,"CIPROFLOXACIN 500MG TABLETS","0501120L0AAAFAF","Ciprofloxacin"
"AMP",11018811000001108,"CIPROFLOXACIN 500MG TABLETS","0501120L0AAAFAF","Ciprofloxacin"
"AMP",11401511000001108,"CIPROFLOXACIN 500MG TABLETS","0501120L0AAAFAF","Ciprofloxacin"
"AMP",13744011000001108,"CIPROFLOXACIN 500MG TABLETS","0501120L0AAAFAF","Ciprofloxacin"
"AMP",15077911000001108,"CIPROFLOXACIN 500MG TABLETS","0501120L0AAAFAF","Ciprofloxacin"
"AMP",15261211000001108,"CIPROFLOXACIN 500MG TABLETS","0501120L0AAAFAF","Ciprofloxacin"
"AMP",15989111000001100,"CIPROFLOXACIN 500MG TABLETS","0501120L0AAAFAF","Ciprofloxacin"
"AMP",17858511000001104,"CIPROFLOXACIN 500MG TABLETS","0501120L0AAAFAF","Ciprofloxacin"
"AMP",18280811000001108,"CIPROFLOXACIN 500MG TABLETS","0501120L0AAAFAF","Ciprofloxacin"
"AMP",18460411000001104,"CIPROFLOXACIN 500MG TABLETS","0501120L0AAAFAF","Ciprofloxacin"
"AMP",19713911000001100,"CIPROFLOXACIN 500MG TABLETS","0501120L0AAAFAF","Ciprofloxacin"
"AMP",19729711000001104,"CIPROFLOXACIN 500MG TABLETS","0501120L0AAAFAF","Ciprofloxacin"
"AMP",19834311000001104,"CIPROFLOXACIN 500MG TABLETS","0501120L0AAAFAF","Ciprofloxacin"
"AMP",21853011000001100,"CIPROFLOXACIN 500MG TABLETS","0501120L0AAAFAF","Ciprofloxacin"
"AMP",36574711000001104,"CIPROFLOXACIN 500MG TABLETS","0501120L0AAAFAF","Ciprofloxacin"
"AMP",36696711000001104,"CIPROFLOXACIN 500MG TABLETS","0501120L0AAAFAF","Ciprofloxacin"
"AMP",36841511000001112,"CIPROFLOXACIN 500MG TABLETS","0501120L0AAAFAF","Ciprofloxacin"
"AMP",38715111000001104,"CIPROFLOXACIN 500MG TABLETS","0501120L0AAAFAF","Ciprofloxacin"
"AMP",38835111000001104,"CIPROFLOXACIN 500MG TABLETS","0501120L0AAAFAF","Ciprofloxacin"
"VMP",12020511000001100,"CIPROFLOXACIN 500MG/5ML ORAL SUSPENSION","0501120L0AAAQAQ","Ciprofloxacin"
"AMP",11972111000001104,"CIPROFLOXACIN 500MG/5ML ORAL SUSPENSION","0501120L0AAAQAQ","Ciprofloxacin"
"VMP",12020611000001100,"CIPROFLOXACIN 50MG/5ML ORAL SUSPENSION","0501120L0AAAUAU","Ciprofloxacin"
"AMP",11972711000001102,"CIPROFLOXACIN 50MG/5ML ORAL SUSPENSION","0501120L0AAAUAU","Ciprofloxacin"
"VMP",12020711000001104,"CIPROFLOXACIN 60MG/5ML ORAL SUSPENSION","0501120L0AAAWAW","Ciprofloxacin"
"AMP",11973311000001106,"CIPROFLOXACIN 60MG/5ML ORAL SUSPENSION","0501120L0AAAWAW","Ciprofloxacin"
"VMP",39687011000001104,"CIPROFLOXACIN 750MG TABLETS","0501120L0AAAJAJ","Ciprofloxacin"
"AMP",469011000001100,"CIPROFLOXACIN 750MG TABLETS","0501120L0AAAJAJ","Ciprofloxacin"
"AMP",868011000001102,"CIPROFLOXACIN 750MG TABLETS","0501120L0AAAJAJ","Ciprofloxacin"
"AMP",630111000001102,"CIPROFLOXACIN 750MG TABLETS","0501120L0AAAJAJ","Ciprofloxacin"
"AMP",366711000001102,"CIPROFLOXACIN 750MG TABLETS","0501120L0AAAJAJ","Ciprofloxacin"
"AMP",271111000001108,"CIPROFLOXACIN 750MG TABLETS","0501120L0AAAJAJ","Ciprofloxacin"
"AMP",872511000001101,"CIPROFLOXACIN 750MG TABLETS","0501120L0AAAJAJ","Ciprofloxacin"
"AMP",849311000001100,"CIPROFLOXACIN 750MG TABLETS","0501120L0AAAJAJ","Ciprofloxacin"
"AMP",591811000001100,"CIPROFLOXACIN 750MG TABLETS","0501120L0AAAJAJ","Ciprofloxacin"
"AMP",935711000001105,"CIPROFLOXACIN 750MG TABLETS","0501120L0AAAJAJ","Ciprofloxacin"
"AMP",7426611000001105,"CIPROFLOXACIN 750MG TABLETS","0501120L0AAAJAJ","Ciprofloxacin"
"AMP",9207911000001104,"CIPROFLOXACIN 750MG TABLETS","0501120L0AAAJAJ","Ciprofloxacin"
"AMP",10393811000001108,"CIPROFLOXACIN 750MG TABLETS","0501120L0AAAJAJ","Ciprofloxacin"
"AMP",11019511000001104,"CIPROFLOXACIN 750MG TABLETS","0501120L0AAAJAJ","Ciprofloxacin"
"AMP",11402111000001108,"CIPROFLOXACIN 750MG TABLETS","0501120L0AAAJAJ","Ciprofloxacin"
"AMP",13744211000001104,"CIPROFLOXACIN 750MG TABLETS","0501120L0AAAJAJ","Ciprofloxacin"
"AMP",15078411000001100,"CIPROFLOXACIN 750MG TABLETS","0501120L0AAAJAJ","Ciprofloxacin"
"AMP",15989311000001104,"CIPROFLOXACIN 750MG TABLETS","0501120L0AAAJAJ","Ciprofloxacin"
"AMP",17858811000001100,"CIPROFLOXACIN 750MG TABLETS","0501120L0AAAJAJ","Ciprofloxacin"
"AMP",17964511000001108,"CIPROFLOXACIN 750MG TABLETS","0501120L0AAAJAJ","Ciprofloxacin"
"AMP",18281011000001108,"CIPROFLOXACIN 750MG TABLETS","0501120L0AAAJAJ","Ciprofloxacin"
"AMP",19714211000001108,"CIPROFLOXACIN 750MG TABLETS","0501120L0AAAJAJ","Ciprofloxacin"
"AMP",19730111000001104,"CIPROFLOXACIN 750MG TABLETS","0501120L0AAAJAJ","Ciprofloxacin"
"AMP",19833511000001104,"CIPROFLOXACIN 750MG TABLETS","0501120L0AAAJAJ","Ciprofloxacin"
"AMP",21853311000001104,"CIPROFLOXACIN 750MG TABLETS","0501120L0AAAJAJ","Ciprofloxacin"
"AMP",23483711000001104,"CIPROFLOXACIN 750MG TABLETS","0501120L0AAAJAJ","Ciprofloxacin"
"AMP",36574511000001104,"CIPROFLOXACIN 750MG TABLETS","0501120L0AAAJAJ","Ciprofloxacin"
"AMP",36841911000001104,"CIPROFLOXACIN 750MG TABLETS","0501120L0AAAJAJ","Ciprofloxacin"
"AMP",38715311000001104,"CIPROFLOXACIN 750MG TABLETS","0501120L0AAAJAJ","Ciprofloxacin"
"AMP",38835411000001104,"CIPROFLOXACIN 750MG TABLETS","0501120L0AAAJAJ","Ciprofloxacin"
"VMP",12020811000001102,"CIPROFLOXACIN 75MG/5ML ORAL SUSPENSION","0501120L0AAAVAV","Ciprofloxacin"
"AMP",11973911000001108,"CIPROFLOXACIN 75MG/5ML ORAL SUSPENSION","0501120L0AAAVAV","Ciprofloxacin"
"VMP",12020911000001108,"CIPROFLOXACIN 80MG/5ML ORAL SUSPENSION","0501120L0AABDBD","Ciprofloxacin"
"AMP",11974611000001104,"CIPROFLOXACIN 80MG/5ML ORAL SUSPENSION","0501120L0AABDBD","Ciprofloxacin"
"AMP",162511000001103,"CIPROXIN 100MG TABLETS","0501120L0BBACAG","Ciprofloxacin"
"AMP",902411000001101,"CIPROXIN 100MG/50ML SOLUTION FOR INFUSION BOTTLES","0501120L0BBAEAB","Ciprofloxacin"
"AMP",8951511000001108,"CIPROXIN 200MG/100ML SOLUTION FOR INFUSION BOTTLES","0501120L0BBAFAD","Ciprofloxacin"
"AMP",455911000001109,"CIPROXIN 250MG TABLETS","0501120L0BBAAAA","Ciprofloxacin"
"AMP",3492511000001109,"CIPROXIN 250MG/5ML ORAL SUSPENSION","0501120L0BBAJBG","Ciprofloxacin"
"AMP",8954311000001104,"CIPROXIN 400MG/200ML SOLUTION FOR INFUSION BOTTLES","0501120L0BBAGAY","Ciprofloxacin"
"AMP",417611000001101,"CIPROXIN 500MG TABLETS","0501120L0BBABAF","Ciprofloxacin"
"AMP",661311000001104,"CIPROXIN 750MG TABLETS","0501120L0BBADAJ","Ciprofloxacin"
"AMP",785511000001102,"CIPROXIN I.V. FLEXIBAG 200MG/100ML INFUSION","0501120L0BBAHBE","Ciprofloxacin"
"AMP",854011000001101,"CIPROXIN I.V. FLEXIBAG 400MG/200ML INFUSION","0501120L0BBAIBF","Ciprofloxacin"
"AMP",19374111000001108,"EVOXIL 250MG TABLETS","0501120X0BCAAAB","Amoxicillin"
"AMP",28922411000001104,"EVOXIL 500MG TABLETS","0501120X0BCACAA","Amoxicillin"
"AMP",19374511000001104,"EVOXIL 500MG/100ML SOLUTION FOR INFUSION VIALS","0501120X0BCABAC","Amoxicillin"
"VMP",35445511000001100,"GENERIC MICTRAL GRANULES 7G SACHETS","0501120N0AAACAC","Nalidixic acid"
"VMP",39697411000001112,"LEVOFLOXACIN 250MG TABLETS","0501120X0AAABAB","Levofloxacin"
"AMP",19178611000001100,"LEVOFLOXACIN 250MG TABLETS","0501120X0AAABAB","Levofloxacin"
"AMP",19296611000001108,"LEVOFLOXACIN 250MG TABLETS","0501120X0AAABAB","Levofloxacin"
"AMP",19358511000001108,"LEVOFLOXACIN 250MG TABLETS","0501120X0AAABAB","Levofloxacin"
"AMP",19359511000001100,"LEVOFLOXACIN 250MG TABLETS","0501120X0AAABAB","Levofloxacin"
"AMP",19511711000001100,"LEVOFLOXACIN 250MG TABLETS","0501120X0AAABAB","Levofloxacin"
"AMP",19837211000001108,"LEVOFLOXACIN 250MG TABLETS","0501120X0AAABAB","Levofloxacin"
"AMP",21285711000001100,"LEVOFLOXACIN 250MG TABLETS","0501120X0AAABAB","Levofloxacin"
"AMP",22070311000001104,"LEVOFLOXACIN 250MG TABLETS","0501120X0AAABAB","Levofloxacin"
"AMP",24366211000001104,"LEVOFLOXACIN 250MG TABLETS","0501120X0AAABAB","Levofloxacin"
"AMP",29673211000001104,"LEVOFLOXACIN 250MG TABLETS","0501120X0AAABAB","Levofloxacin"
"AMP",29889711000001104,"LEVOFLOXACIN 250MG TABLETS","0501120X0AAABAB","Levofloxacin"
"AMP",37098711000001104,"LEVOFLOXACIN 250MG TABLETS","0501120X0AAABAB","Levofloxacin"
"VMP",324634001,"LEVOFLOXACIN 500MG TABLETS","0501120X0AAAAAA","Levofloxacin"
"AMP",19178911000001108,"LEVOFLOXACIN 500MG TABLETS","0501120X0AAAAAA","Levofloxacin"
"AMP",19298011000001104,"LEVOFLOXACIN 500MG TABLETS","0501120X0AAAAAA","Levofloxacin"
"AMP",19359211000001104,"LEVOFLOXACIN 500MG TABLETS","0501120X0AAAAAA","Levofloxacin"
"AMP",19359911000001108,"LEVOFLOXACIN 500MG TABLETS","0501120X0AAAAAA","Levofloxacin"
"AMP",19512011000001104,"LEVOFLOXACIN 500MG TABLETS","0501120X0AAAAAA","Levofloxacin"
"AMP",19837511000001108,"LEVOFLOXACIN 500MG TABLETS","0501120X0AAAAAA","Levofloxacin"
"AMP",21286011000001108,"LEVOFLOXACIN 500MG TABLETS","0501120X0AAAAAA","Levofloxacin"
"AMP",22070611000001100,"LEVOFLOXACIN 500MG TABLETS","0501120X0AAAAAA","Levofloxacin"
"AMP",24366511000001100,"LEVOFLOXACIN 500MG TABLETS","0501120X0AAAAAA","Levofloxacin"
"AMP",29673511000001108,"LEVOFLOXACIN 500MG TABLETS","0501120X0AAAAAA","Levofloxacin"
"AMP",29890211000001100,"LEVOFLOXACIN 500MG TABLETS","0501120X0AAAAAA","Levofloxacin"
"AMP",30220211000001100,"LEVOFLOXACIN 500MG TABLETS","0501120X0AAAAAA","Levofloxacin"
"AMP",39015311000001104,"LEVOFLOXACIN 500MG TABLETS","0501120X0AAAAAA","Levofloxacin"
"VMP",19448711000001104,"LEVOFLOXACIN 500MG/100ML INFUSION BAGS","0501120X0AAADAD","Levofloxacin"
"AMP",19447411000001104,"LEVOFLOXACIN 500MG/100ML INFUSION BAGS","0501120X0AAADAD","Levofloxacin"
"AMP",19447611000001100,"LEVOFLOXACIN 500MG/100ML INFUSION BAGS","0501120X0AAADAD","Levofloxacin"
"AMP",21660611000001104,"LEVOFLOXACIN 500MG/100ML INFUSION BAGS","0501120X0AAADAD","Levofloxacin"
"AMP",35831811000001104,"LEVOFLOXACIN 500MG/100ML INFUSION BAGS","0501120X0AAADAD","Levofloxacin"
"AMP",38236111000001104,"LEVOFLOXACIN 500MG/100ML INFUSION BAGS","0501120X0AAADAD","Levofloxacin"
"VMP",23108311000001100,"LEVOFLOXACIN 500MG/100ML SOLUTION FOR INFUSION BOTTLES","0501120X0AAAEAE","Levofloxacin"
"AMP",22985411000001108,"LEVOFLOXACIN 500MG/100ML SOLUTION FOR INFUSION BOTTLES","0501120X0AAAEAE","Levofloxacin"
"AMP",24416711000001100,"LEVOFLOXACIN 500MG/100ML SOLUTION FOR INFUSION BOTTLES","0501120X0AAAEAE","Levofloxacin"
"AMP",34611911000001108,"LEVOFLOXACIN 500MG/100ML SOLUTION FOR INFUSION BOTTLES","0501120X0AAAEAE","Levofloxacin"
"AMP",36571111000001104,"LEVOFLOXACIN 500MG/100ML SOLUTION FOR INFUSION BOTTLES","0501120X0AAAEAE","Levofloxacin"
"AMP",38745711000001104,"LEVOFLOXACIN 500MG/100ML SOLUTION FOR INFUSION BOTTLES","0501120X0AAAEAE","Levofloxacin"
"VMP",36038911000001104,"LEVOFLOXACIN 500MG/100ML SOLUTION FOR INFUSION VIALS","0501120X0AAACAC","Levofloxacin"
"AMP",19359011000001108,"LEVOFLOXACIN 500MG/100ML SOLUTION FOR INFUSION VIALS","0501120X0AAACAC","Levofloxacin"
"AMP",34754611000001100,"LEVOFLOXACIN 500MG/100ML SOLUTION FOR INFUSION VIALS","0501120X0AAACAC","Levofloxacin"
"AMP",3852811000001105,"MICTRAL GRANULES 7G SACHETS","0501120N0BDAAAC","Nalidixic acid"
"VMP",408015000,"MOXIFLOXACIN 400MG TABLETS","0501120Y0AAAAAA","Moxifloxacin"
"AMP",24673211000001108,"MOXIFLOXACIN 400MG TABLETS","0501120Y0AAAAAA","Moxifloxacin"
"AMP",24683911000001108,"MOXIFLOXACIN 400MG TABLETS","0501120Y0AAAAAA","Moxifloxacin"
"AMP",24775911000001104,"MOXIFLOXACIN 400MG TABLETS","0501120Y0AAAAAA","Moxifloxacin"
"AMP",24919311000001108,"MOXIFLOXACIN 400MG TABLETS","0501120Y0AAAAAA","Moxifloxacin"
"AMP",28697411000001108,"MOXIFLOXACIN 400MG TABLETS","0501120Y0AAAAAA","Moxifloxacin"
"AMP",29927511000001104,"MOXIFLOXACIN 400MG TABLETS","0501120Y0AAAAAA","Moxifloxacin"
"AMP",30834211000001104,"MOXIFLOXACIN 400MG TABLETS","0501120Y0AAAAAA","Moxifloxacin"
"AMP",37453311000001104,"MOXIFLOXACIN 400MG TABLETS","0501120Y0AAAAAA","Moxifloxacin"
"AMP",38618511000001104,"MOXIFLOXACIN 400MG TABLETS","0501120Y0AAAAAA","Moxifloxacin"
"AMP",39049711000001104,"MOXIFLOXACIN 400MG TABLETS","0501120Y0AAAAAA","Moxifloxacin"
"AMP",39489811000001104,"MOXIFLOXACIN 400MG TABLETS","0501120Y0AAAAAA","Moxifloxacin"
"VMP",36028511000001100,"MOXIFLOXACIN 400MG/250ML INFUSION BAGS","0501120Y0AAACAC","Moxifloxacin"
"VMP",16756911000001108,"MOXIFLOXACIN 400MG/250ML SOLUTION FOR INFUSION BOTTLES","0501120Y0AAABAB","Moxifloxacin"
"AMP",25876211000001100,"MOXIFLOXACIN 400MG/250ML SOLUTION FOR INFUSION BOTTLES","0501120Y0AAABAB","Moxifloxacin"
"AMP",36571311000001104,"MOXIFLOXACIN 400MG/250ML SOLUTION FOR INFUSION BOTTLES","0501120Y0AAABAB","Moxifloxacin"
"AMP",36881911000001112,"MOXIFLOXACIN 400MG/250ML SOLUTION FOR INFUSION BOTTLES","0501120Y0AAABAB","Moxifloxacin"
"VMP",36003311000001108,"MOXIFLOXACIN 400MG/5ML ORAL SOLUTION","0501120Y0AAADAD","Moxifloxacin"
"AMP",35992311000001104,"MOXIFLOXACIN 400MG/5ML ORAL SOLUTION","0501120Y0AAADAD","Moxifloxacin"
"VMP",324579006,"NALIDIXIC ACID 300MG/5ML ORAL SUSPENSION","0501120N0AAAAAA","Nalidixic acid"
"AMP",19172111000001104,"NALIDIXIC ACID 300MG/5ML ORAL SUSPENSION","0501120N0AAAAAA","Nalidixic acid"
"AMP",19681911000001108,"NALIDIXIC ACID 300MG/5ML ORAL SUSPENSION","0501120N0AAAAAA","Nalidixic acid"
"AMP",26854011000001100,"NALIDIXIC ACID 300MG/5ML ORAL SUSPENSION","0501120N0AAAAAA","Nalidixic acid"
"VMP",36028911000001104,"NALIDIXIC ACID 300MG/5ML ORAL SUSPENSION SUGAR FREE","0501120N0AAAFAF","Nalidixic acid"
"VMP",324578003,"NALIDIXIC ACID 500MG TABLETS","0501120N0AAABAB","Nalidixic acid"
"AMP",4058911000001101,"NEGRAM 300MG/5ML ORAL SUSPENSION","0501120N0BBABAF","Nalidixic acid"
"AMP",3683611000001101,"NEGRAM 500MG TABLETS","0501120N0BBAAAB","Nalidixic acid"
"VMP",324621002,"NORFLOXACIN 400MG TABLETS","0501120Q0AAAAAA","Norfloxacin"
"AMP",822711000001105,"NORFLOXACIN 400MG TABLETS","0501120Q0AAAAAA","Norfloxacin"
"AMP",511511000001102,"NORFLOXACIN 400MG TABLETS","0501120Q0AAAAAA","Norfloxacin"
"AMP",739911000001102,"NORFLOXACIN 400MG TABLETS","0501120Q0AAAAAA","Norfloxacin"
"AMP",254211000001102,"NORFLOXACIN 400MG TABLETS","0501120Q0AAAAAA","Norfloxacin"
"AMP",17947511000001108,"NORFLOXACIN 400MG TABLETS","0501120Q0AAAAAA","Norfloxacin"
"AMP",18745111000001108,"NORFLOXACIN 400MG TABLETS","0501120Q0AAAAAA","Norfloxacin"
"AMP",21816311000001104,"NORFLOXACIN 400MG TABLETS","0501120Q0AAAAAA","Norfloxacin"
"AMP",35549811000001104,"NORFLOXACIN 400MG TABLETS","0501120Q0AAAAAA","Norfloxacin"
"VMP",12905211000001104,"OFLOXACIN 100MG/5ML ORAL SOLUTION","0501120P0AAADAD","Ofloxacin"
"AMP",12897211000001104,"OFLOXACIN 100MG/5ML ORAL SOLUTION","0501120P0AAADAD","Ofloxacin"
"VMP",12895811000001100,"OFLOXACIN 100MG/5ML ORAL SUSPENSION","0501120P0AAADAD","Ofloxacin"
"AMP",12896211000001108,"OFLOXACIN 100MG/5ML ORAL SUSPENSION","0501120P0AAADAD","Ofloxacin"
"VMP",324612003,"OFLOXACIN 200MG TABLETS","0501120P0AAAAAA","Ofloxacin"
"AMP",465511000001105,"OFLOXACIN 200MG TABLETS","0501120P0AAAAAA","Ofloxacin"
"AMP",792611000001106,"OFLOXACIN 200MG TABLETS","0501120P0AAAAAA","Ofloxacin"
"AMP",724511000001107,"OFLOXACIN 200MG TABLETS","0501120P0AAAAAA","Ofloxacin"
"AMP",319311000001109,"OFLOXACIN 200MG TABLETS","0501120P0AAAAAA","Ofloxacin"
"AMP",527011000001106,"OFLOXACIN 200MG TABLETS","0501120P0AAAAAA","Ofloxacin"
"AMP",4273411000001105,"OFLOXACIN 200MG TABLETS","0501120P0AAAAAA","Ofloxacin"
"AMP",7464011000001104,"OFLOXACIN 200MG TABLETS","0501120P0AAAAAA","Ofloxacin"
"AMP",15112111000001108,"OFLOXACIN 200MG TABLETS","0501120P0AAAAAA","Ofloxacin"
"AMP",16062011000001100,"OFLOXACIN 200MG TABLETS","0501120P0AAAAAA","Ofloxacin"
"AMP",21821611000001104,"OFLOXACIN 200MG TABLETS","0501120P0AAAAAA","Ofloxacin"
"AMP",30852711000001100,"OFLOXACIN 200MG TABLETS","0501120P0AAAAAA","Ofloxacin"
"AMP",37463211000001104,"OFLOXACIN 200MG TABLETS","0501120P0AAAAAA","Ofloxacin"
"AMP",39061711000001104,"OFLOXACIN 200MG TABLETS","0501120P0AAAAAA","Ofloxacin"
"VMP",38752711000001104,"OFLOXACIN 200MG/100ML SOLUTION FOR INFUSION BOTTLES","0501120P0AAACAC","Ofloxacin"
"VMP",12905311000001102,"OFLOXACIN 250MG/5ML ORAL SOLUTION","0501120P0AAAEAE","Ofloxacin"
"AMP",12898411000001108,"OFLOXACIN 250MG/5ML ORAL SOLUTION","0501120P0AAAEAE","Ofloxacin"
"VMP",12905411000001108,"OFLOXACIN 250MG/5ML ORAL SUSPENSION","0501120P0AAAEAE","Ofloxacin"
"AMP",12897811000001106,"OFLOXACIN 250MG/5ML ORAL SUSPENSION","0501120P0AAAEAE","Ofloxacin"
"VMP",324620001,"OFLOXACIN 400MG TABLETS","0501120P0AAABAB","Ofloxacin"
"AMP",238911000001100,"OFLOXACIN 400MG TABLETS","0501120P0AAABAB","Ofloxacin"
"AMP",339611000001109,"OFLOXACIN 400MG TABLETS","0501120P0AAABAB","Ofloxacin"
"AMP",787111000001102,"OFLOXACIN 400MG TABLETS","0501120P0AAABAB","Ofloxacin"
"AMP",525111000001103,"OFLOXACIN 400MG TABLETS","0501120P0AAABAB","Ofloxacin"
"AMP",412511000001103,"OFLOXACIN 400MG TABLETS","0501120P0AAABAB","Ofloxacin"
"AMP",4818111000001107,"OFLOXACIN 400MG TABLETS","0501120P0AAABAB","Ofloxacin"
"AMP",7464911000001100,"OFLOXACIN 400MG TABLETS","0501120P0AAABAB","Ofloxacin"
"AMP",15112411000001104,"OFLOXACIN 400MG TABLETS","0501120P0AAABAB","Ofloxacin"
"AMP",16062211000001104,"OFLOXACIN 400MG TABLETS","0501120P0AAABAB","Ofloxacin"
"AMP",30853111000001108,"OFLOXACIN 400MG TABLETS","0501120P0AAABAB","Ofloxacin"
"AMP",37463811000001112,"OFLOXACIN 400MG TABLETS","0501120P0AAABAB","Ofloxacin"
"AMP",39061911000001104,"OFLOXACIN 400MG TABLETS","0501120P0AAABAB","Ofloxacin"
"AMP",362511000001106,"TARIVID 200MG TABLETS","0501120P0BBAAAA","Ofloxacin"
"AMP",4415111000001109,"TARIVID 200MG/100ML SOLUTION FOR INFUSION BOTTLES","0501120P0BBADAC","Ofloxacin"
"AMP",491611000001109,"TARIVID 400MG TABLETS","0501120P0BBACAB","Ofloxacin"
"AMP",3077511000001109,"TAVANIC 250MG TABLETS","0501120X0BBABAB","Levofloxacin"
"AMP",3078311000001102,"TAVANIC 500MG TABLETS","0501120X0BBAAAA","Levofloxacin"
"AMP",4602911000001104,"TAVANIC 500MG/100ML SOLUTION FOR INFUSION VIALS","0501120X0BBACAC","Levofloxacin"
"AMP",4059711000001107,"URIBEN 300MG/5ML ORAL SUSPENSION","0501120N0BCAAAA","Nalidixic acid"
"AMP",866311000001103,"UTINOR 400MG TABLETS","0501120Q0BBAAAA","Norfloxacin"
